BUILD: [00:0000000000:PROGC ] Build started with parameters:
BUILD: [00:0000000000:PROGC ] Build started in directory: C:\WINCE800\platform\qemu\drivers\netkvm\ProtocolService
BUILD: [00:0000000000:PROGC ] Running passes WCEFILES0, MIDL, MC, ASN, THUNK, RUN_WPP, XRPACK, PRECOMPHEADER, COMPILE, RENUMBERICONIDS, RES2RES, LIB, EXPLIB, LINK, LOCALIZE, MANAGEDRESX, MANAGEDMOD, MANAGEDDLL, MANAGEDEXE, MANAGEDWIN, POSTBUILD for ARM.
BUILD: [00:0000000000:PROGC ] Loading database "C:\wince800\platform\qemu\BuildARMV7retail.dat".
BUILD: [00:0000000000:PROGC ] Done.
BUILD: [00:0000000000:PROGC ] Computing include file dependencies:
BUILD: [01:0000000000:PROGC ] Scan C:\wince800\platform\qemu\drivers\netkvm\protocolservice\
BUILD: [00:0000001125:PROGC ] Directory scanning complete.
BUILD: [00:0000001125:PROGC ] Saving C:\wince800\platform\qemu\BuildARMV7retail.dat.
BUILD: [00:0000001125:PROGC ] Saving Master Database complete.
BUILD: [00:0000001141:PROGC ] Starting WCEFILES0 Pass.
BUILD: [00:0000001172:PROGC ] Analyzing project dependency information for pass WCEFILES0.
BUILD: [00:0000001172:PROGC ] Starting MIDL Pass.
BUILD: [00:0000001172:PROGC ] Analyzing project dependency information for pass MIDL.
BUILD: [00:0000001172:PROGC ] Starting MC Pass.
BUILD: [00:0000001172:PROGC ] Analyzing project dependency information for pass MC.
BUILD: [00:0000001172:PROGC ] Starting ASN Pass.
BUILD: [00:0000001172:PROGC ] Analyzing project dependency information for pass ASN.
BUILD: [00:0000001172:PROGC ] Starting THUNK Pass.
BUILD: [00:0000001172:PROGC ] Analyzing project dependency information for pass THUNK.
BUILD: [00:0000001172:PROGC ] Starting RUN_WPP Pass.
BUILD: [00:0000001172:PROGC ] Analyzing project dependency information for pass RUN_WPP.
BUILD: [00:0000001172:PROGC ] Starting XRPACK Pass.
BUILD: [00:0000001172:PROGC ] Analyzing project dependency information for pass XRPACK.
BUILD: [00:0000001172:PROGC ] Starting PRECOMPHEADER Pass.
BUILD: [00:0000001172:PROGC ] Analyzing project dependency information for pass PRECOMPHEADER.
BUILD: [00:0000001172:PROGC ] Starting COMPILE Pass.
BUILD: [00:0000001172:PROGC ] Analyzing project dependency information for pass COMPILE.
BUILD: [00:0000001235:PROGC ] Building COMPILE Pass in C:\wince800\platform\qemu\drivers\netkvm\protocolservice\ directory.
BUILD: [01:0000001438:PROGC ] Compiling .\Names.cpp .\ProtocolService.cpp .\Service.cpp .\uninstall.cpp
BUILD: [01:0000002625:PROGC ] Error(s) in directory "C:\wince800\platform\qemu\drivers\netkvm\protocolservice\".
BUILD: [01:0000002625:ERRORE] c:\wince800\platform\qemu\drivers\netkvm\protocolservice\names.h(11) : error C2065: 'SERVICE_CONTROL_STOP' : undeclared identifier {log="C:\WINCE800\platform\qemu\drivers\netkvm\ProtocolService\bldsys.log(33)"}
BUILD: [01:0000002641:ERRORE] c:\wince800\platform\qemu\drivers\netkvm\protocolservice\service.h(47) : error C2146: syntax error : missing ';' before identifier 'Handle' {log="C:\WINCE800\platform\qemu\drivers\netkvm\ProtocolService\bldsys.log(34)"}
BUILD: [01:0000002641:PROGC ] Warning(s) in directory "C:\wince800\platform\qemu\drivers\netkvm\protocolservice\".
BUILD: [01:0000002641:WARNN ] c:\wince800\platform\qemu\drivers\netkvm\protocolservice\service.h(47) : warning C4183: 'Handle': missing return type; assumed to be a member function returning 'int' {log="C:\WINCE800\platform\qemu\drivers\netkvm\ProtocolService\bldsys.log(36)"}
BUILD: [01:0000002704:ERRORE] c:\wince800\platform\qemu\drivers\netkvm\protocolservice\service.h(50) : error C2146: syntax error : missing ';' before identifier 'm_Handle' {log="C:\WINCE800\platform\qemu\drivers\netkvm\ProtocolService\bldsys.log(37)"}
BUILD: [01:0000002719:ERRORE] c:\wince800\platform\qemu\drivers\netkvm\protocolservice\service.h(8) : error C2065: 'm_Handle' : undeclared identifier {log="C:\WINCE800\platform\qemu\drivers\netkvm\ProtocolService\bldsys.log(38)"}
BUILD: [01:0000002719:ERRORE] c:\wince800\platform\qemu\drivers\netkvm\protocolservice\service.h(8) : error C2065: 'SC_MANAGER_ENUMERATE_SERVICE' : undeclared identifier {log="C:\WINCE800\platform\qemu\drivers\netkvm\ProtocolService\bldsys.log(39)"}
BUILD: [01:0000002719:ERRORE] c:\wince800\platform\qemu\drivers\netkvm\protocolservice\service.h(8) : error C2065: 'SC_MANAGER_ALL_ACCESS' : undeclared identifier {log="C:\WINCE800\platform\qemu\drivers\netkvm\ProtocolService\bldsys.log(40)"}
BUILD: [01:0000002719:ERRORE] c:\wince800\platform\qemu\drivers\netkvm\protocolservice\service.h(8) : error C3861: 'OpenSCManager': identifier not found {log="C:\WINCE800\platform\qemu\drivers\netkvm\ProtocolService\bldsys.log(41)"}
BUILD: [01:0000002719:ERRORE] c:\wince800\platform\qemu\drivers\netkvm\protocolservice\service.h(9) : error C2065: 'm_Handle' : undeclared identifier {log="C:\WINCE800\platform\qemu\drivers\netkvm\ProtocolService\bldsys.log(42)"}
BUILD: [01:0000002735:ERRORE] c:\wince800\platform\qemu\drivers\netkvm\protocolservice\service.h(16) : error C2065: 'm_Handle' : undeclared identifier {log="C:\WINCE800\platform\qemu\drivers\netkvm\ProtocolService\bldsys.log(43)"}
BUILD: [01:0000002735:ERRORE] c:\wince800\platform\qemu\drivers\netkvm\protocolservice\service.h(18) : error C2065: 'm_Handle' : undeclared identifier {log="C:\WINCE800\platform\qemu\drivers\netkvm\ProtocolService\bldsys.log(44)"}
BUILD: [01:0000002735:ERRORE] c:\wince800\platform\qemu\drivers\netkvm\protocolservice\service.h(18) : error C3861: 'CloseServiceHandle': identifier not found {log="C:\WINCE800\platform\qemu\drivers\netkvm\ProtocolService\bldsys.log(45)"}
BUILD: [01:0000002735:ERRORE] c:\wince800\platform\qemu\drivers\netkvm\protocolservice\service.h(25) : error C2065: 'SC_HANDLE' : undeclared identifier {log="C:\WINCE800\platform\qemu\drivers\netkvm\ProtocolService\bldsys.log(46)"}
BUILD: [01:0000002735:ERRORE] c:\wince800\platform\qemu\drivers\netkvm\protocolservice\service.h(25) : error C2146: syntax error : missing ';' before identifier 'h' {log="C:\WINCE800\platform\qemu\drivers\netkvm\ProtocolService\bldsys.log(47)"}
BUILD: [01:0000002735:ERRORE] c:\wince800\platform\qemu\drivers\netkvm\protocolservice\service.h(25) : error C2065: 'h' : undeclared identifier {log="C:\WINCE800\platform\qemu\drivers\netkvm\ProtocolService\bldsys.log(48)"}
BUILD: [01:0000002735:ERRORE] c:\wince800\platform\qemu\drivers\netkvm\protocolservice\service.h(25) : error C2065: 'm_Handle' : undeclared identifier {log="C:\WINCE800\platform\qemu\drivers\netkvm\ProtocolService\bldsys.log(49)"}
BUILD: [01:0000002735:ERRORE] c:\wince800\platform\qemu\drivers\netkvm\protocolservice\service.h(26) : error C2065: 'SERVICE_STOP' : undeclared identifier {log="C:\WINCE800\platform\qemu\drivers\netkvm\ProtocolService\bldsys.log(50)"}
BUILD: [01:0000002735:ERRORE] c:\wince800\platform\qemu\drivers\netkvm\protocolservice\service.h(26) : error C2065: 'SERVICE_START' : undeclared identifier {log="C:\WINCE800\platform\qemu\drivers\netkvm\ProtocolService\bldsys.log(51)"}
BUILD: [01:0000002735:ERRORE] c:\wince800\platform\qemu\drivers\netkvm\protocolservice\service.h(26) : error C2065: 'SERVICE_QUERY_STATUS' : undeclared identifier {log="C:\WINCE800\platform\qemu\drivers\netkvm\ProtocolService\bldsys.log(52)"}
BUILD: [01:0000002735:ERRORE] c:\wince800\platform\qemu\drivers\netkvm\protocolservice\service.h(25) : error C3861: 'CreateService': identifier not found {log="C:\WINCE800\platform\qemu\drivers\netkvm\ProtocolService\bldsys.log(53)"}
BUILD: [01:0000002735:ERRORE] c:\wince800\platform\qemu\drivers\netkvm\protocolservice\service.h(36) : error C2065: 'h' : undeclared identifier {log="C:\WINCE800\platform\qemu\drivers\netkvm\ProtocolService\bldsys.log(54)"}
BUILD: [01:0000002735:ERRORE] c:\wince800\platform\qemu\drivers\netkvm\protocolservice\service.h(39) : error C2065: 'h' : undeclared identifier {log="C:\WINCE800\platform\qemu\drivers\netkvm\ProtocolService\bldsys.log(55)"}
BUILD: [01:0000002735:ERRORE] c:\wince800\platform\qemu\drivers\netkvm\protocolservice\service.h(39) : error C3861: 'CloseServiceHandle': identifier not found {log="C:\WINCE800\platform\qemu\drivers\netkvm\ProtocolService\bldsys.log(56)"}
BUILD: [01:0000002735:ERRORE] c:\wince800\platform\qemu\drivers\netkvm\protocolservice\service.h(45) : error C2065: 'h' : undeclared identifier {log="C:\WINCE800\platform\qemu\drivers\netkvm\ProtocolService\bldsys.log(57)"}
BUILD: [01:0000002735:ERRORE] c:\wince800\platform\qemu\drivers\netkvm\protocolservice\service.h(47) : error C2065: 'm_Handle' : undeclared identifier {log="C:\WINCE800\platform\qemu\drivers\netkvm\ProtocolService\bldsys.log(58)"}
BUILD: [01:0000002735:ERRORE] c:\wince800\platform\qemu\drivers\netkvm\protocolservice\service.h(181) : error C2061: syntax error : identifier 'PSERVICE_NOTIFY' {log="C:\WINCE800\platform\qemu\drivers\netkvm\ProtocolService\bldsys.log(59)"}
BUILD: [01:0000002735:ERRORE] c:\wince800\platform\qemu\drivers\netkvm\protocolservice\service.h(199) : error C2146: syntax error : missing ';' before identifier 'm_Handle' {log="C:\WINCE800\platform\qemu\drivers\netkvm\ProtocolService\bldsys.log(60)"}
BUILD: [01:0000002735:ERRORE] c:\wince800\platform\qemu\drivers\netkvm\protocolservice\service.h(200) : error C2146: syntax error : missing ';' before identifier 'm_Status' {log="C:\WINCE800\platform\qemu\drivers\netkvm\ProtocolService\bldsys.log(61)"}
BUILD: [01:0000002735:ERRORE] c:\wince800\platform\qemu\drivers\netkvm\protocolservice\service.h(59) : error C2614: 'CService' : illegal member initialization: 'm_Handle' is not a base or member {log="C:\WINCE800\platform\qemu\drivers\netkvm\ProtocolService\bldsys.log(62)"}
BUILD: [01:0000002750:ERRORE] c:\wince800\platform\qemu\drivers\netkvm\protocolservice\service.h(60) : error C2065: 'SERVICE_QUERY_STATUS' : undeclared identifier {log="C:\WINCE800\platform\qemu\drivers\netkvm\ProtocolService\bldsys.log(63)"}
BUILD: [01:0000002750:ERRORE] c:\wince800\platform\qemu\drivers\netkvm\protocolservice\service.h(63) : error C2065: 'SERVICE_STOP' : undeclared identifier {log="C:\WINCE800\platform\qemu\drivers\netkvm\ProtocolService\bldsys.log(64)"}
BUILD: [01:0000002750:ERRORE] c:\wince800\platform\qemu\drivers\netkvm\protocolservice\service.h(63) : error C2065: 'SERVICE_START' : undeclared identifier {log="C:\WINCE800\platform\qemu\drivers\netkvm\ProtocolService\bldsys.log(65)"}
BUILD: [01:0000002750:ERRORE] c:\wince800\platform\qemu\drivers\netkvm\protocolservice\service.h(67) : error C2065: 'm_Handle' : undeclared identifier {log="C:\WINCE800\platform\qemu\drivers\netkvm\ProtocolService\bldsys.log(66)"}
BUILD: [01:0000002750:ERRORE] c:\wince800\platform\qemu\drivers\netkvm\protocolservice\service.h(67) : error C3861: 'OpenService': identifier not found {log="C:\WINCE800\platform\qemu\drivers\netkvm\ProtocolService\bldsys.log(67)"}
BUILD: [01:0000002750:ERRORE] c:\wince800\platform\qemu\drivers\netkvm\protocolservice\service.h(70) : error C2065: 'm_Handle' : undeclared identifier {log="C:\WINCE800\platform\qemu\drivers\netkvm\ProtocolService\bldsys.log(68)"}
BUILD: [01:0000002750:ERRORE] c:\wince800\platform\qemu\drivers\netkvm\protocolservice\service.h(77) : error C2065: 'm_Handle' : undeclared identifier {log="C:\WINCE800\platform\qemu\drivers\netkvm\ProtocolService\bldsys.log(69)"}
BUILD: [01:0000002750:ERRORE] c:\wince800\platform\qemu\drivers\netkvm\protocolservice\service.h(79) : error C2065: 'm_Handle' : undeclared identifier {log="C:\WINCE800\platform\qemu\drivers\netkvm\ProtocolService\bldsys.log(70)"}
BUILD: [01:0000002750:ERRORE] c:\wince800\platform\qemu\drivers\netkvm\protocolservice\service.h(79) : error C3861: 'CloseServiceHandle': identifier not found {log="C:\WINCE800\platform\qemu\drivers\netkvm\ProtocolService\bldsys.log(71)"}
BUILD: [01:0000002750:ERRORE] c:\wince800\platform\qemu\drivers\netkvm\protocolservice\service.h(84) : error C2065: 'm_Handle' : undeclared identifier {log="C:\WINCE800\platform\qemu\drivers\netkvm\ProtocolService\bldsys.log(72)"}
BUILD: [01:0000002750:ERRORE] c:\wince800\platform\qemu\drivers\netkvm\protocolservice\service.h(88) : error C2065: 'm_Handle' : undeclared identifier {log="C:\WINCE800\platform\qemu\drivers\netkvm\ProtocolService\bldsys.log(73)"}
BUILD: [01:0000002750:ERRORE] c:\wince800\platform\qemu\drivers\netkvm\protocolservice\service.h(88) : error C2065: 'SERVICE_CONTROL_STOP' : undeclared identifier {log="C:\WINCE800\platform\qemu\drivers\netkvm\ProtocolService\bldsys.log(74)"}
BUILD: [01:0000002750:ERRORE] c:\wince800\platform\qemu\drivers\netkvm\protocolservice\service.h(88) : error C2065: 'm_Status' : undeclared identifier {log="C:\WINCE800\platform\qemu\drivers\netkvm\ProtocolService\bldsys.log(75)"}
BUILD: [01:0000002750:ERRORE] c:\wince800\platform\qemu\drivers\netkvm\protocolservice\service.h(88) : error C3861: 'ControlService': identifier not found {log="C:\WINCE800\platform\qemu\drivers\netkvm\ProtocolService\bldsys.log(76)"}
BUILD: [01:0000002750:ERRORE] c:\wince800\platform\qemu\drivers\netkvm\protocolservice\service.h(99) : error C2065: 'm_Handle' : undeclared identifier {log="C:\WINCE800\platform\qemu\drivers\netkvm\ProtocolService\bldsys.log(77)"}
BUILD: [01:0000002750:ERRORE] c:\wince800\platform\qemu\drivers\netkvm\protocolservice\service.h(103) : error C2065: 'm_Handle' : undeclared identifier {log="C:\WINCE800\platform\qemu\drivers\netkvm\ProtocolService\bldsys.log(78)"}
BUILD: [01:0000002750:ERRORE] c:\wince800\platform\qemu\drivers\netkvm\protocolservice\service.h(103) : error C3861: 'StartService': identifier not found {log="C:\WINCE800\platform\qemu\drivers\netkvm\ProtocolService\bldsys.log(79)"}
BUILD: [01:0000002750:ERRORE] c:\wince800\platform\qemu\drivers\netkvm\protocolservice\service.h(114) : error C2065: 'm_Handle' : undeclared identifier {log="C:\WINCE800\platform\qemu\drivers\netkvm\ProtocolService\bldsys.log(80)"}
BUILD: [01:0000002750:ERRORE] c:\wince800\platform\qemu\drivers\netkvm\protocolservice\service.h(118) : error C2065: 'm_Handle' : undeclared identifier {log="C:\WINCE800\platform\qemu\drivers\netkvm\ProtocolService\bldsys.log(81)"}
BUILD: [01:0000003469:ERRORE] c:\wince800\platform\qemu\drivers\netkvm\protocolservice\service.h(118) : error C2065: 'm_Status' : undeclared identifier {log="C:\WINCE800\platform\qemu\drivers\netkvm\ProtocolService\bldsys.log(82)"}
BUILD: [01:0000003469:ERRORE] c:\wince800\platform\qemu\drivers\netkvm\protocolservice\service.h(118) : error C3861: 'QueryServiceStatus': identifier not found {log="C:\WINCE800\platform\qemu\drivers\netkvm\ProtocolService\bldsys.log(83)"}
BUILD: [01:0000003469:ERRORE] c:\wince800\platform\qemu\drivers\netkvm\protocolservice\service.h(122) : error C2065: 'm_Status' : undeclared identifier {log="C:\WINCE800\platform\qemu\drivers\netkvm\ProtocolService\bldsys.log(84)"}
BUILD: [01:0000003485:ERRORE] c:\wince800\platform\qemu\drivers\netkvm\protocolservice\service.h(122) : error C2228: left of '.dwCurrentState' must have class/struct/union {log="C:\WINCE800\platform\qemu\drivers\netkvm\ProtocolService\bldsys.log(85)"}
BUILD: [01:0000003485:ERRORE] c:\wince800\platform\qemu\drivers\netkvm\protocolservice\service.h(129) : error C2065: 'm_Handle' : undeclared identifier {log="C:\WINCE800\platform\qemu\drivers\netkvm\ProtocolService\bldsys.log(86)"}
BUILD: [01:0000003485:ERRORE] c:\wince800\platform\qemu\drivers\netkvm\protocolservice\service.h(133) : error C2065: 'm_Handle' : undeclared identifier {log="C:\WINCE800\platform\qemu\drivers\netkvm\ProtocolService\bldsys.log(87)"}
BUILD: [01:0000003485:ERRORE] c:\wince800\platform\qemu\drivers\netkvm\protocolservice\service.h(133) : error C3861: 'DeleteService': identifier not found {log="C:\WINCE800\platform\qemu\drivers\netkvm\ProtocolService\bldsys.log(88)"}
BUILD: [01:0000003485:ERRORE] c:\wince800\platform\qemu\drivers\netkvm\protocolservice\service.h(152) : error C2065: 'SERVICE_STOPPED' : undeclared identifier {log="C:\WINCE800\platform\qemu\drivers\netkvm\ProtocolService\bldsys.log(89)"}
BUILD: [01:0000003485:ERRORE] c:\wince800\platform\qemu\drivers\netkvm\protocolservice\service.h(152) : error C2065: 'SERVICE_STOP_PENDING' : undeclared identifier {log="C:\WINCE800\platform\qemu\drivers\netkvm\ProtocolService\bldsys.log(90)"}
BUILD: [01:0000003485:ERRORE] c:\wince800\platform\qemu\drivers\netkvm\protocolservice\service.h(161) : error C2065: 'SERVICE_RUNNING' : undeclared identifier {log="C:\WINCE800\platform\qemu\drivers\netkvm\ProtocolService\bldsys.log(91)"}
BUILD: [01:0000003485:ERRORE] c:\wince800\platform\qemu\drivers\netkvm\protocolservice\service.h(183) : error C2065: 'm_Handle' : undeclared identifier {log="C:\WINCE800\platform\qemu\drivers\netkvm\ProtocolService\bldsys.log(92)"}
BUILD: [01:0000003485:ERRORE] c:\wince800\platform\qemu\drivers\netkvm\protocolservice\service.h(187) : error C2065: 'm_Status' : undeclared identifier {log="C:\WINCE800\platform\qemu\drivers\netkvm\ProtocolService\bldsys.log(93)"}
BUILD: [01:0000003485:ERRORE] c:\wince800\platform\qemu\drivers\netkvm\protocolservice\service.h(187) : error C2228: left of '.dwServiceType' must have class/struct/union {log="C:\WINCE800\platform\qemu\drivers\netkvm\ProtocolService\bldsys.log(94)"}
BUILD: [01:0000003485:ERRORE] c:\wince800\platform\qemu\drivers\netkvm\protocolservice\service.h(192) : error C2065: 'm_Handle' : undeclared identifier {log="C:\WINCE800\platform\qemu\drivers\netkvm\ProtocolService\bldsys.log(95)"}
BUILD: [01:0000003485:ERRORE] c:\wince800\platform\qemu\drivers\netkvm\protocolservice\service.h(192) : error C2065: 'pNotify' : undeclared identifier {log="C:\WINCE800\platform\qemu\drivers\netkvm\ProtocolService\bldsys.log(96)"}
BUILD: [01:0000003485:ERRORE] c:\wince800\platform\qemu\drivers\netkvm\protocolservice\service.h(192) : error C3861: 'NotifyServiceStatusChange': identifier not found {log="C:\WINCE800\platform\qemu\drivers\netkvm\ProtocolService\bldsys.log(97)"}
BUILD: [01:0000003485:ERRORE] c:\wince800\platform\qemu\drivers\netkvm\protocolservice\service.h(293) : error C2864: 'CServiceImplementation::m_StopEvent' : only static const integral data members can be initialized within a class {log="C:\WINCE800\platform\qemu\drivers\netkvm\ProtocolService\bldsys.log(98)"}
BUILD: [01:0000003485:ERRORE] c:\wince800\platform\qemu\drivers\netkvm\protocolservice\service.h(307) : error C2146: syntax error : missing ';' before identifier 'hService' {log="C:\WINCE800\platform\qemu\drivers\netkvm\ProtocolService\bldsys.log(99)"}
BUILD: [01:0000003500:ERRORE] c:\wince800\platform\qemu\drivers\netkvm\protocolservice\service.h(308) : error C2146: syntax error : missing ';' before identifier 'status' {log="C:\WINCE800\platform\qemu\drivers\netkvm\ProtocolService\bldsys.log(100)"}
BUILD: [01:0000003500:ERRORE] c:\wince800\platform\qemu\drivers\netkvm\protocolservice\service.h(216) : error C2065: 'WTS_CURRENT_SERVER_HANDLE' : undeclared identifier {log="C:\WINCE800\platform\qemu\drivers\netkvm\ProtocolService\bldsys.log(101)"}
BUILD: [01:0000003500:ERRORE] c:\wince800\platform\qemu\drivers\netkvm\protocolservice\service.h(216) : error C2065: 'WTS_CURRENT_SESSION' : undeclared identifier {log="C:\WINCE800\platform\qemu\drivers\netkvm\ProtocolService\bldsys.log(102)"}
BUILD: [01:0000003500:ERRORE] c:\wince800\platform\qemu\drivers\netkvm\protocolservice\service.h(217) : error C2065: 'WTSSessionId' : undeclared identifier {log="C:\WINCE800\platform\qemu\drivers\netkvm\ProtocolService\bldsys.log(103)"}
BUILD: [01:0000003500:ERRORE] c:\wince800\platform\qemu\drivers\netkvm\protocolservice\service.h(216) : error C3861: 'WTSQuerySessionInformationA': identifier not found {log="C:\WINCE800\platform\qemu\drivers\netkvm\ProtocolService\bldsys.log(104)"}
BUILD: [01:0000003500:ERRORE] c:\wince800\platform\qemu\drivers\netkvm\protocolservice\service.h(221) : error C3861: 'WTSFreeMemory': identifier not found {log="C:\WINCE800\platform\qemu\drivers\netkvm\ProtocolService\bldsys.log(105)"}
BUILD: [01:0000003500:ERRORE] c:\wince800\platform\qemu\drivers\netkvm\protocolservice\service.h(225) : error C2065: 'SERVICE_TABLE_ENTRY' : undeclared identifier {log="C:\WINCE800\platform\qemu\drivers\netkvm\ProtocolService\bldsys.log(106)"}
BUILD: [01:0000003500:ERRORE] c:\wince800\platform\qemu\drivers\netkvm\protocolservice\service.h(225) : error C2065: 'table' : undeclared identifier {log="C:\WINCE800\platform\qemu\drivers\netkvm\ProtocolService\bldsys.log(107)"}
BUILD: [01:0000003500:ERRORE] c:\wince800\platform\qemu\drivers\netkvm\protocolservice\service.h(225) : error C2061: syntax error : identifier 'SERVICE_TABLE_ENTRY' {log="C:\WINCE800\platform\qemu\drivers\netkvm\ProtocolService\bldsys.log(108)"}
BUILD: [01:0000003500:ERRORE] c:\wince800\platform\qemu\drivers\netkvm\protocolservice\service.h(226) : error C2065: 'table' : undeclared identifier {log="C:\WINCE800\platform\qemu\drivers\netkvm\ProtocolService\bldsys.log(109)"}
BUILD: [01:0000003500:ERRORE] c:\wince800\platform\qemu\drivers\netkvm\protocolservice\service.h(226) : error C2228: left of '.lpServiceName' must have class/struct/union {log="C:\WINCE800\platform\qemu\drivers\netkvm\ProtocolService\bldsys.log(110)"}
BUILD: [01:0000003500:ERRORE] c:\wince800\platform\qemu\drivers\netkvm\protocolservice\service.h(227) : error C2065: 'table' : undeclared identifier {log="C:\WINCE800\platform\qemu\drivers\netkvm\ProtocolService\bldsys.log(111)"}
BUILD: [01:0000003500:ERRORE] c:\wince800\platform\qemu\drivers\netkvm\protocolservice\service.h(227) : error C2228: left of '.lpServiceProc' must have class/struct/union {log="C:\WINCE800\platform\qemu\drivers\netkvm\ProtocolService\bldsys.log(112)"}
BUILD: [01:0000003500:ERRORE] c:\wince800\platform\qemu\drivers\netkvm\protocolservice\service.h(231) : error C2065: 'table' : undeclared identifier {log="C:\WINCE800\platform\qemu\drivers\netkvm\ProtocolService\bldsys.log(113)"}
BUILD: [01:0000003500:ERRORE] c:\wince800\platform\qemu\drivers\netkvm\protocolservice\service.h(231) : error C2228: left of '.lpServiceName' must have class/struct/union {log="C:\WINCE800\platform\qemu\drivers\netkvm\ProtocolService\bldsys.log(114)"}
BUILD: [01:0000003500:ERRORE] c:\wince800\platform\qemu\drivers\netkvm\protocolservice\service.h(232) : error C2065: 'table' : undeclared identifier {log="C:\WINCE800\platform\qemu\drivers\netkvm\ProtocolService\bldsys.log(115)"}
BUILD: [01:0000003500:ERRORE] c:\wince800\platform\qemu\drivers\netkvm\protocolservice\service.h(232) : error C2228: left of '.lpServiceProc' must have class/struct/union {log="C:\WINCE800\platform\qemu\drivers\netkvm\ProtocolService\bldsys.log(116)"}
BUILD: [01:0000003516:ERRORE] c:\wince800\platform\qemu\drivers\netkvm\protocolservice\service.h(253) : error C2065: 'table' : undeclared identifier {log="C:\WINCE800\platform\qemu\drivers\netkvm\ProtocolService\bldsys.log(117)"}
BUILD: [01:0000003532:ERRORE] c:\wince800\platform\qemu\drivers\netkvm\protocolservice\service.h(253) : error C3861: 'StartServiceCtrlDispatcher': identifier not found {log="C:\WINCE800\platform\qemu\drivers\netkvm\ProtocolService\bldsys.log(118)"}
BUILD: [01:0000003532:ERRORE] c:\wince800\platform\qemu\drivers\netkvm\protocolservice\service.h(254) : error C2065: 'table' : undeclared identifier {log="C:\WINCE800\platform\qemu\drivers\netkvm\ProtocolService\bldsys.log(119)"}
BUILD: [01:0000003532:ERRORE] c:\wince800\platform\qemu\drivers\netkvm\protocolservice\service.h(254) : error C2541: 'delete' : cannot delete objects that are not pointers {log="C:\WINCE800\platform\qemu\drivers\netkvm\ProtocolService\bldsys.log(120)"}
BUILD: [01:0000003532:ERRORE] c:\wince800\platform\qemu\drivers\netkvm\protocolservice\service.h(299) : error C2065: 'status' : undeclared identifier {log="C:\WINCE800\platform\qemu\drivers\netkvm\ProtocolService\bldsys.log(121)"}
BUILD: [01:0000003532:ERRORE] c:\wince800\platform\qemu\drivers\netkvm\protocolservice\service.h(299) : error C2228: left of '.dwServiceType' must have class/struct/union {log="C:\WINCE800\platform\qemu\drivers\netkvm\ProtocolService\bldsys.log(122)"}
BUILD: [01:0000003532:ERRORE] c:\wince800\platform\qemu\drivers\netkvm\protocolservice\service.h(300) : error C2065: 'status' : undeclared identifier {log="C:\WINCE800\platform\qemu\drivers\netkvm\ProtocolService\bldsys.log(123)"}
BUILD: [01:0000003532:ERRORE] c:\wince800\platform\qemu\drivers\netkvm\protocolservice\service.h(300) : error C2228: left of '.dwCurrentState' must have class/struct/union {log="C:\WINCE800\platform\qemu\drivers\netkvm\ProtocolService\bldsys.log(124)"}
BUILD: [01:0000003532:ERRORE] c:\wince800\platform\qemu\drivers\netkvm\protocolservice\service.h(300) : error C2065: 'SERVICE_STOPPED' : undeclared identifier {log="C:\WINCE800\platform\qemu\drivers\netkvm\ProtocolService\bldsys.log(125)"}
BUILD: [01:0000003532:ERRORE] c:\wince800\platform\qemu\drivers\netkvm\protocolservice\service.h(301) : error C2065: 'status' : undeclared identifier {log="C:\WINCE800\platform\qemu\drivers\netkvm\ProtocolService\bldsys.log(126)"}
BUILD: [01:0000003532:ERRORE] c:\wince800\platform\qemu\drivers\netkvm\protocolservice\service.h(301) : error C2228: left of '.dwControlsAccepted' must have class/struct/union {log="C:\WINCE800\platform\qemu\drivers\netkvm\ProtocolService\bldsys.log(127)"}
BUILD: [01:0000003532:ERRORE] c:\wince800\platform\qemu\drivers\netkvm\protocolservice\service.h(301) : error C2065: 'SERVICE_ACCEPT_STOP' : undeclared identifier {log="C:\WINCE800\platform\qemu\drivers\netkvm\ProtocolService\bldsys.log(128)"}
BUILD: [01:0000003532:ERRORE] c:\wince800\platform\qemu\drivers\netkvm\protocolservice\service.h(301) : error C2065: 'SERVICE_ACCEPT_SESSIONCHANGE' : undeclared identifier {log="C:\WINCE800\platform\qemu\drivers\netkvm\ProtocolService\bldsys.log(129)"}
BUILD: [01:0000003532:ERRORE] c:\wince800\platform\qemu\drivers\netkvm\protocolservice\service.h(302) : error C2065: 'status' : undeclared identifier {log="C:\WINCE800\platform\qemu\drivers\netkvm\ProtocolService\bldsys.log(130)"}
BUILD: [01:0000003547:ERRORE] c:\wince800\platform\qemu\drivers\netkvm\protocolservice\service.h(302) : error C2228: left of '.dwWaitHint' must have class/struct/union {log="C:\WINCE800\platform\qemu\drivers\netkvm\ProtocolService\bldsys.log(131)"}
BUILD: [01:0000003547:ERRORE] c:\wince800\platform\qemu\drivers\netkvm\protocolservice\service.h(303) : error C2065: 'status' : undeclared identifier {log="C:\WINCE800\platform\qemu\drivers\netkvm\ProtocolService\bldsys.log(132)"}
BUILD: [01:0000003547:ERRORE] c:\wince800\platform\qemu\drivers\netkvm\protocolservice\service.h(303) : error C2228: left of '.dwCheckPoint' must have class/struct/union {log="C:\WINCE800\platform\qemu\drivers\netkvm\ProtocolService\bldsys.log(133)"}
BUILD: [01:0000003563:ERRORE] c:\wince800\platform\qemu\drivers\netkvm\protocolservice\service.h(304) : error C2065: 'status' : undeclared identifier {log="C:\WINCE800\platform\qemu\drivers\netkvm\ProtocolService\bldsys.log(134)"}
BUILD: [01:0000003563:ERRORE] c:\wince800\platform\qemu\drivers\netkvm\protocolservice\service.h(304) : error C2228: left of '.dwWin32ExitCode' must have class/struct/union {log="C:\WINCE800\platform\qemu\drivers\netkvm\ProtocolService\bldsys.log(135)"}
BUILD: [01:0000003579:ERRORE] c:\wince800\platform\qemu\drivers\netkvm\protocolservice\service.h(304) : fatal error C1003: error count exceeds 100; stopping compilation {log="C:\WINCE800\platform\qemu\drivers\netkvm\ProtocolService\bldsys.log(136)"}
BUILD: [01:0000004204:ERRORE] c:\wince800\platform\qemu\drivers\netkvm\protocolservice\names.h(11) : error C2065: 'SERVICE_CONTROL_STOP' : undeclared identifier {log="C:\WINCE800\platform\qemu\drivers\netkvm\ProtocolService\bldsys.log(137)"}
BUILD: [01:0000004219:ERRORE] c:\wince800\platform\qemu\drivers\netkvm\protocolservice\service.h(47) : error C2146: syntax error : missing ';' before identifier 'Handle' {log="C:\WINCE800\platform\qemu\drivers\netkvm\ProtocolService\bldsys.log(138)"}
BUILD: [01:0000004219:WARNN ] c:\wince800\platform\qemu\drivers\netkvm\protocolservice\service.h(47) : warning C4183: 'Handle': missing return type; assumed to be a member function returning 'int' {log="C:\WINCE800\platform\qemu\drivers\netkvm\ProtocolService\bldsys.log(139)"}
BUILD: [01:0000004235:ERRORE] c:\wince800\platform\qemu\drivers\netkvm\protocolservice\service.h(50) : error C2146: syntax error : missing ';' before identifier 'm_Handle' {log="C:\WINCE800\platform\qemu\drivers\netkvm\ProtocolService\bldsys.log(140)"}
BUILD: [01:0000004235:ERRORE] c:\wince800\platform\qemu\drivers\netkvm\protocolservice\service.h(8) : error C2065: 'm_Handle' : undeclared identifier {log="C:\WINCE800\platform\qemu\drivers\netkvm\ProtocolService\bldsys.log(141)"}
BUILD: [01:0000004282:ERRORE] c:\wince800\platform\qemu\drivers\netkvm\protocolservice\service.h(8) : error C2065: 'SC_MANAGER_ENUMERATE_SERVICE' : undeclared identifier {log="C:\WINCE800\platform\qemu\drivers\netkvm\ProtocolService\bldsys.log(142)"}
BUILD: [01:0000004282:ERRORE] c:\wince800\platform\qemu\drivers\netkvm\protocolservice\service.h(8) : error C2065: 'SC_MANAGER_ALL_ACCESS' : undeclared identifier {log="C:\WINCE800\platform\qemu\drivers\netkvm\ProtocolService\bldsys.log(143)"}
BUILD: [01:0000004297:ERRORE] c:\wince800\platform\qemu\drivers\netkvm\protocolservice\service.h(8) : error C3861: 'OpenSCManager': identifier not found {log="C:\WINCE800\platform\qemu\drivers\netkvm\ProtocolService\bldsys.log(144)"}
BUILD: [01:0000004297:ERRORE] c:\wince800\platform\qemu\drivers\netkvm\protocolservice\service.h(9) : error C2065: 'm_Handle' : undeclared identifier {log="C:\WINCE800\platform\qemu\drivers\netkvm\ProtocolService\bldsys.log(145)"}
BUILD: [01:0000004297:ERRORE] c:\wince800\platform\qemu\drivers\netkvm\protocolservice\service.h(16) : error C2065: 'm_Handle' : undeclared identifier {log="C:\WINCE800\platform\qemu\drivers\netkvm\ProtocolService\bldsys.log(146)"}
BUILD: [01:0000004297:ERRORE] c:\wince800\platform\qemu\drivers\netkvm\protocolservice\service.h(18) : error C2065: 'm_Handle' : undeclared identifier {log="C:\WINCE800\platform\qemu\drivers\netkvm\ProtocolService\bldsys.log(147)"}
BUILD: [01:0000004297:ERRORE] c:\wince800\platform\qemu\drivers\netkvm\protocolservice\service.h(18) : error C3861: 'CloseServiceHandle': identifier not found {log="C:\WINCE800\platform\qemu\drivers\netkvm\ProtocolService\bldsys.log(148)"}
BUILD: [01:0000004297:ERRORE] c:\wince800\platform\qemu\drivers\netkvm\protocolservice\service.h(25) : error C2065: 'SC_HANDLE' : undeclared identifier {log="C:\WINCE800\platform\qemu\drivers\netkvm\ProtocolService\bldsys.log(149)"}
BUILD: [01:0000004297:ERRORE] c:\wince800\platform\qemu\drivers\netkvm\protocolservice\service.h(25) : error C2146: syntax error : missing ';' before identifier 'h' {log="C:\WINCE800\platform\qemu\drivers\netkvm\ProtocolService\bldsys.log(150)"}
BUILD: [01:0000004313:ERRORE] c:\wince800\platform\qemu\drivers\netkvm\protocolservice\service.h(25) : error C2065: 'h' : undeclared identifier {log="C:\WINCE800\platform\qemu\drivers\netkvm\ProtocolService\bldsys.log(151)"}
BUILD: [01:0000004313:ERRORE] c:\wince800\platform\qemu\drivers\netkvm\protocolservice\service.h(25) : error C2065: 'm_Handle' : undeclared identifier {log="C:\WINCE800\platform\qemu\drivers\netkvm\ProtocolService\bldsys.log(152)"}
BUILD: [01:0000004313:ERRORE] c:\wince800\platform\qemu\drivers\netkvm\protocolservice\service.h(26) : error C2065: 'SERVICE_STOP' : undeclared identifier {log="C:\WINCE800\platform\qemu\drivers\netkvm\ProtocolService\bldsys.log(153)"}
BUILD: [01:0000004313:ERRORE] c:\wince800\platform\qemu\drivers\netkvm\protocolservice\service.h(26) : error C2065: 'SERVICE_START' : undeclared identifier {log="C:\WINCE800\platform\qemu\drivers\netkvm\ProtocolService\bldsys.log(154)"}
BUILD: [01:0000004313:ERRORE] c:\wince800\platform\qemu\drivers\netkvm\protocolservice\service.h(26) : error C2065: 'SERVICE_QUERY_STATUS' : undeclared identifier {log="C:\WINCE800\platform\qemu\drivers\netkvm\ProtocolService\bldsys.log(155)"}
BUILD: [01:0000004313:ERRORE] c:\wince800\platform\qemu\drivers\netkvm\protocolservice\service.h(25) : error C3861: 'CreateService': identifier not found {log="C:\WINCE800\platform\qemu\drivers\netkvm\ProtocolService\bldsys.log(156)"}
BUILD: [01:0000004313:ERRORE] c:\wince800\platform\qemu\drivers\netkvm\protocolservice\service.h(36) : error C2065: 'h' : undeclared identifier {log="C:\WINCE800\platform\qemu\drivers\netkvm\ProtocolService\bldsys.log(157)"}
BUILD: [01:0000004313:ERRORE] c:\wince800\platform\qemu\drivers\netkvm\protocolservice\service.h(39) : error C2065: 'h' : undeclared identifier {log="C:\WINCE800\platform\qemu\drivers\netkvm\ProtocolService\bldsys.log(158)"}
BUILD: [01:0000004313:ERRORE] c:\wince800\platform\qemu\drivers\netkvm\protocolservice\service.h(39) : error C3861: 'CloseServiceHandle': identifier not found {log="C:\WINCE800\platform\qemu\drivers\netkvm\ProtocolService\bldsys.log(159)"}
BUILD: [01:0000004313:ERRORE] c:\wince800\platform\qemu\drivers\netkvm\protocolservice\service.h(45) : error C2065: 'h' : undeclared identifier {log="C:\WINCE800\platform\qemu\drivers\netkvm\ProtocolService\bldsys.log(160)"}
BUILD: [01:0000004313:ERRORE] c:\wince800\platform\qemu\drivers\netkvm\protocolservice\service.h(47) : error C2065: 'm_Handle' : undeclared identifier {log="C:\WINCE800\platform\qemu\drivers\netkvm\ProtocolService\bldsys.log(161)"}
BUILD: [01:0000004329:ERRORE] c:\wince800\platform\qemu\drivers\netkvm\protocolservice\service.h(181) : error C2061: syntax error : identifier 'PSERVICE_NOTIFY' {log="C:\WINCE800\platform\qemu\drivers\netkvm\ProtocolService\bldsys.log(162)"}
BUILD: [01:0000004329:ERRORE] c:\wince800\platform\qemu\drivers\netkvm\protocolservice\service.h(199) : error C2146: syntax error : missing ';' before identifier 'm_Handle' {log="C:\WINCE800\platform\qemu\drivers\netkvm\ProtocolService\bldsys.log(163)"}
BUILD: [01:0000004344:ERRORE] c:\wince800\platform\qemu\drivers\netkvm\protocolservice\service.h(200) : error C2146: syntax error : missing ';' before identifier 'm_Status' {log="C:\WINCE800\platform\qemu\drivers\netkvm\ProtocolService\bldsys.log(164)"}
BUILD: [01:0000004344:ERRORE] c:\wince800\platform\qemu\drivers\netkvm\protocolservice\service.h(59) : error C2614: 'CService' : illegal member initialization: 'm_Handle' is not a base or member {log="C:\WINCE800\platform\qemu\drivers\netkvm\ProtocolService\bldsys.log(165)"}
BUILD: [01:0000004344:ERRORE] c:\wince800\platform\qemu\drivers\netkvm\protocolservice\service.h(60) : error C2065: 'SERVICE_QUERY_STATUS' : undeclared identifier {log="C:\WINCE800\platform\qemu\drivers\netkvm\ProtocolService\bldsys.log(166)"}
BUILD: [01:0000004344:ERRORE] c:\wince800\platform\qemu\drivers\netkvm\protocolservice\service.h(63) : error C2065: 'SERVICE_STOP' : undeclared identifier {log="C:\WINCE800\platform\qemu\drivers\netkvm\ProtocolService\bldsys.log(167)"}
BUILD: [01:0000004375:ERRORE] c:\wince800\platform\qemu\drivers\netkvm\protocolservice\service.h(63) : error C2065: 'SERVICE_START' : undeclared identifier {log="C:\WINCE800\platform\qemu\drivers\netkvm\ProtocolService\bldsys.log(168)"}
BUILD: [01:0000004391:ERRORE] c:\wince800\platform\qemu\drivers\netkvm\protocolservice\service.h(67) : error C2065: 'm_Handle' : undeclared identifier {log="C:\WINCE800\platform\qemu\drivers\netkvm\ProtocolService\bldsys.log(169)"}
BUILD: [01:0000004391:ERRORE] c:\wince800\platform\qemu\drivers\netkvm\protocolservice\service.h(67) : error C3861: 'OpenService': identifier not found {log="C:\WINCE800\platform\qemu\drivers\netkvm\ProtocolService\bldsys.log(170)"}
BUILD: [01:0000004391:ERRORE] c:\wince800\platform\qemu\drivers\netkvm\protocolservice\service.h(70) : error C2065: 'm_Handle' : undeclared identifier {log="C:\WINCE800\platform\qemu\drivers\netkvm\ProtocolService\bldsys.log(171)"}
BUILD: [01:0000004391:ERRORE] c:\wince800\platform\qemu\drivers\netkvm\protocolservice\service.h(77) : error C2065: 'm_Handle' : undeclared identifier {log="C:\WINCE800\platform\qemu\drivers\netkvm\ProtocolService\bldsys.log(172)"}
BUILD: [01:0000004391:ERRORE] c:\wince800\platform\qemu\drivers\netkvm\protocolservice\service.h(79) : error C2065: 'm_Handle' : undeclared identifier {log="C:\WINCE800\platform\qemu\drivers\netkvm\ProtocolService\bldsys.log(173)"}
BUILD: [01:0000004391:ERRORE] c:\wince800\platform\qemu\drivers\netkvm\protocolservice\service.h(79) : error C3861: 'CloseServiceHandle': identifier not found {log="C:\WINCE800\platform\qemu\drivers\netkvm\ProtocolService\bldsys.log(174)"}
BUILD: [01:0000004391:ERRORE] c:\wince800\platform\qemu\drivers\netkvm\protocolservice\service.h(84) : error C2065: 'm_Handle' : undeclared identifier {log="C:\WINCE800\platform\qemu\drivers\netkvm\ProtocolService\bldsys.log(175)"}
BUILD: [01:0000004391:ERRORE] c:\wince800\platform\qemu\drivers\netkvm\protocolservice\service.h(88) : error C2065: 'm_Handle' : undeclared identifier {log="C:\WINCE800\platform\qemu\drivers\netkvm\ProtocolService\bldsys.log(176)"}
BUILD: [01:0000004391:ERRORE] c:\wince800\platform\qemu\drivers\netkvm\protocolservice\service.h(88) : error C2065: 'SERVICE_CONTROL_STOP' : undeclared identifier {log="C:\WINCE800\platform\qemu\drivers\netkvm\ProtocolService\bldsys.log(177)"}
BUILD: [01:0000004391:ERRORE] c:\wince800\platform\qemu\drivers\netkvm\protocolservice\service.h(88) : error C2065: 'm_Status' : undeclared identifier {log="C:\WINCE800\platform\qemu\drivers\netkvm\ProtocolService\bldsys.log(178)"}
BUILD: [01:0000004391:ERRORE] c:\wince800\platform\qemu\drivers\netkvm\protocolservice\service.h(88) : error C3861: 'ControlService': identifier not found {log="C:\WINCE800\platform\qemu\drivers\netkvm\ProtocolService\bldsys.log(179)"}
BUILD: [01:0000004407:ERRORE] c:\wince800\platform\qemu\drivers\netkvm\protocolservice\service.h(99) : error C2065: 'm_Handle' : undeclared identifier {log="C:\WINCE800\platform\qemu\drivers\netkvm\ProtocolService\bldsys.log(180)"}
BUILD: [01:0000004407:ERRORE] c:\wince800\platform\qemu\drivers\netkvm\protocolservice\service.h(103) : error C2065: 'm_Handle' : undeclared identifier {log="C:\WINCE800\platform\qemu\drivers\netkvm\ProtocolService\bldsys.log(181)"}
BUILD: [01:0000004407:ERRORE] c:\wince800\platform\qemu\drivers\netkvm\protocolservice\service.h(103) : error C3861: 'StartService': identifier not found {log="C:\WINCE800\platform\qemu\drivers\netkvm\ProtocolService\bldsys.log(182)"}
BUILD: [01:0000004407:ERRORE] c:\wince800\platform\qemu\drivers\netkvm\protocolservice\service.h(114) : error C2065: 'm_Handle' : undeclared identifier {log="C:\WINCE800\platform\qemu\drivers\netkvm\ProtocolService\bldsys.log(183)"}
BUILD: [01:0000004407:ERRORE] c:\wince800\platform\qemu\drivers\netkvm\protocolservice\service.h(118) : error C2065: 'm_Handle' : undeclared identifier {log="C:\WINCE800\platform\qemu\drivers\netkvm\ProtocolService\bldsys.log(184)"}
BUILD: [01:0000004422:ERRORE] c:\wince800\platform\qemu\drivers\netkvm\protocolservice\service.h(118) : error C2065: 'm_Status' : undeclared identifier {log="C:\WINCE800\platform\qemu\drivers\netkvm\ProtocolService\bldsys.log(185)"}
BUILD: [01:0000004422:ERRORE] c:\wince800\platform\qemu\drivers\netkvm\protocolservice\service.h(118) : error C3861: 'QueryServiceStatus': identifier not found {log="C:\WINCE800\platform\qemu\drivers\netkvm\ProtocolService\bldsys.log(186)"}
BUILD: [01:0000004422:ERRORE] c:\wince800\platform\qemu\drivers\netkvm\protocolservice\service.h(122) : error C2065: 'm_Status' : undeclared identifier {log="C:\WINCE800\platform\qemu\drivers\netkvm\ProtocolService\bldsys.log(187)"}
BUILD: [01:0000004422:ERRORE] c:\wince800\platform\qemu\drivers\netkvm\protocolservice\service.h(122) : error C2228: left of '.dwCurrentState' must have class/struct/union {log="C:\WINCE800\platform\qemu\drivers\netkvm\ProtocolService\bldsys.log(188)"}
BUILD: [01:0000004422:ERRORE] c:\wince800\platform\qemu\drivers\netkvm\protocolservice\service.h(129) : error C2065: 'm_Handle' : undeclared identifier {log="C:\WINCE800\platform\qemu\drivers\netkvm\ProtocolService\bldsys.log(189)"}
BUILD: [01:0000004454:ERRORE] c:\wince800\platform\qemu\drivers\netkvm\protocolservice\service.h(133) : error C2065: 'm_Handle' : undeclared identifier {log="C:\WINCE800\platform\qemu\drivers\netkvm\ProtocolService\bldsys.log(190)"}
BUILD: [01:0000004454:ERRORE] c:\wince800\platform\qemu\drivers\netkvm\protocolservice\service.h(133) : error C3861: 'DeleteService': identifier not found {log="C:\WINCE800\platform\qemu\drivers\netkvm\ProtocolService\bldsys.log(191)"}
BUILD: [01:0000004454:ERRORE] c:\wince800\platform\qemu\drivers\netkvm\protocolservice\service.h(152) : error C2065: 'SERVICE_STOPPED' : undeclared identifier {log="C:\WINCE800\platform\qemu\drivers\netkvm\ProtocolService\bldsys.log(192)"}
BUILD: [01:0000004454:ERRORE] c:\wince800\platform\qemu\drivers\netkvm\protocolservice\service.h(152) : error C2065: 'SERVICE_STOP_PENDING' : undeclared identifier {log="C:\WINCE800\platform\qemu\drivers\netkvm\ProtocolService\bldsys.log(193)"}
BUILD: [01:0000004454:ERRORE] c:\wince800\platform\qemu\drivers\netkvm\protocolservice\service.h(161) : error C2065: 'SERVICE_RUNNING' : undeclared identifier {log="C:\WINCE800\platform\qemu\drivers\netkvm\ProtocolService\bldsys.log(194)"}
BUILD: [01:0000004454:ERRORE] c:\wince800\platform\qemu\drivers\netkvm\protocolservice\service.h(183) : error C2065: 'm_Handle' : undeclared identifier {log="C:\WINCE800\platform\qemu\drivers\netkvm\ProtocolService\bldsys.log(195)"}
BUILD: [01:0000004454:ERRORE] c:\wince800\platform\qemu\drivers\netkvm\protocolservice\service.h(187) : error C2065: 'm_Status' : undeclared identifier {log="C:\WINCE800\platform\qemu\drivers\netkvm\ProtocolService\bldsys.log(196)"}
BUILD: [01:0000004469:ERRORE] c:\wince800\platform\qemu\drivers\netkvm\protocolservice\service.h(187) : error C2228: left of '.dwServiceType' must have class/struct/union {log="C:\WINCE800\platform\qemu\drivers\netkvm\ProtocolService\bldsys.log(197)"}
BUILD: [01:0000004469:ERRORE] c:\wince800\platform\qemu\drivers\netkvm\protocolservice\service.h(192) : error C2065: 'm_Handle' : undeclared identifier {log="C:\WINCE800\platform\qemu\drivers\netkvm\ProtocolService\bldsys.log(198)"}
BUILD: [01:0000004485:ERRORE] c:\wince800\platform\qemu\drivers\netkvm\protocolservice\service.h(192) : error C2065: 'pNotify' : undeclared identifier {log="C:\WINCE800\platform\qemu\drivers\netkvm\ProtocolService\bldsys.log(199)"}
BUILD: [01:0000004485:ERRORE] c:\wince800\platform\qemu\drivers\netkvm\protocolservice\service.h(192) : error C3861: 'NotifyServiceStatusChange': identifier not found {log="C:\WINCE800\platform\qemu\drivers\netkvm\ProtocolService\bldsys.log(200)"}
BUILD: [01:0000004485:ERRORE] c:\wince800\platform\qemu\drivers\netkvm\protocolservice\service.h(293) : error C2864: 'CServiceImplementation::m_StopEvent' : only static const integral data members can be initialized within a class {log="C:\WINCE800\platform\qemu\drivers\netkvm\ProtocolService\bldsys.log(201)"}
BUILD: [01:0000004485:ERRORE] c:\wince800\platform\qemu\drivers\netkvm\protocolservice\service.h(307) : error C2146: syntax error : missing ';' before identifier 'hService' {log="C:\WINCE800\platform\qemu\drivers\netkvm\ProtocolService\bldsys.log(202)"}
BUILD: [01:0000004485:ERRORE] c:\wince800\platform\qemu\drivers\netkvm\protocolservice\service.h(308) : error C2146: syntax error : missing ';' before identifier 'status' {log="C:\WINCE800\platform\qemu\drivers\netkvm\ProtocolService\bldsys.log(203)"}
BUILD: [01:0000004500:ERRORE] c:\wince800\platform\qemu\drivers\netkvm\protocolservice\service.h(216) : error C2065: 'WTS_CURRENT_SERVER_HANDLE' : undeclared identifier {log="C:\WINCE800\platform\qemu\drivers\netkvm\ProtocolService\bldsys.log(204)"}
BUILD: [01:0000004500:ERRORE] c:\wince800\platform\qemu\drivers\netkvm\protocolservice\service.h(216) : error C2065: 'WTS_CURRENT_SESSION' : undeclared identifier {log="C:\WINCE800\platform\qemu\drivers\netkvm\ProtocolService\bldsys.log(205)"}
BUILD: [01:0000004500:ERRORE] c:\wince800\platform\qemu\drivers\netkvm\protocolservice\service.h(217) : error C2065: 'WTSSessionId' : undeclared identifier {log="C:\WINCE800\platform\qemu\drivers\netkvm\ProtocolService\bldsys.log(206)"}
BUILD: [01:0000004500:ERRORE] c:\wince800\platform\qemu\drivers\netkvm\protocolservice\service.h(216) : error C3861: 'WTSQuerySessionInformationA': identifier not found {log="C:\WINCE800\platform\qemu\drivers\netkvm\ProtocolService\bldsys.log(207)"}
BUILD: [01:0000004500:ERRORE] c:\wince800\platform\qemu\drivers\netkvm\protocolservice\service.h(221) : error C3861: 'WTSFreeMemory': identifier not found {log="C:\WINCE800\platform\qemu\drivers\netkvm\ProtocolService\bldsys.log(208)"}
BUILD: [01:0000004500:ERRORE] c:\wince800\platform\qemu\drivers\netkvm\protocolservice\service.h(225) : error C2065: 'SERVICE_TABLE_ENTRY' : undeclared identifier {log="C:\WINCE800\platform\qemu\drivers\netkvm\ProtocolService\bldsys.log(209)"}
BUILD: [01:0000004500:ERRORE] c:\wince800\platform\qemu\drivers\netkvm\protocolservice\service.h(225) : error C2065: 'table' : undeclared identifier {log="C:\WINCE800\platform\qemu\drivers\netkvm\ProtocolService\bldsys.log(210)"}
BUILD: [01:0000004500:ERRORE] c:\wince800\platform\qemu\drivers\netkvm\protocolservice\service.h(225) : error C2061: syntax error : identifier 'SERVICE_TABLE_ENTRY' {log="C:\WINCE800\platform\qemu\drivers\netkvm\ProtocolService\bldsys.log(211)"}
BUILD: [01:0000004500:ERRORE] c:\wince800\platform\qemu\drivers\netkvm\protocolservice\service.h(226) : error C2065: 'table' : undeclared identifier {log="C:\WINCE800\platform\qemu\drivers\netkvm\ProtocolService\bldsys.log(212)"}
BUILD: [01:0000004500:ERRORE] c:\wince800\platform\qemu\drivers\netkvm\protocolservice\service.h(226) : error C2228: left of '.lpServiceName' must have class/struct/union {log="C:\WINCE800\platform\qemu\drivers\netkvm\ProtocolService\bldsys.log(213)"}
BUILD: [01:0000004500:ERRORE] c:\wince800\platform\qemu\drivers\netkvm\protocolservice\service.h(227) : error C2065: 'table' : undeclared identifier {log="C:\WINCE800\platform\qemu\drivers\netkvm\ProtocolService\bldsys.log(214)"}
BUILD: [01:0000004516:ERRORE] c:\wince800\platform\qemu\drivers\netkvm\protocolservice\service.h(227) : error C2228: left of '.lpServiceProc' must have class/struct/union {log="C:\WINCE800\platform\qemu\drivers\netkvm\ProtocolService\bldsys.log(215)"}
BUILD: [01:0000004516:ERRORE] c:\wince800\platform\qemu\drivers\netkvm\protocolservice\service.h(231) : error C2065: 'table' : undeclared identifier {log="C:\WINCE800\platform\qemu\drivers\netkvm\ProtocolService\bldsys.log(216)"}
BUILD: [01:0000004516:ERRORE] c:\wince800\platform\qemu\drivers\netkvm\protocolservice\service.h(231) : error C2228: left of '.lpServiceName' must have class/struct/union {log="C:\WINCE800\platform\qemu\drivers\netkvm\ProtocolService\bldsys.log(217)"}
BUILD: [01:0000004516:ERRORE] c:\wince800\platform\qemu\drivers\netkvm\protocolservice\service.h(232) : error C2065: 'table' : undeclared identifier {log="C:\WINCE800\platform\qemu\drivers\netkvm\ProtocolService\bldsys.log(218)"}
BUILD: [01:0000004516:ERRORE] c:\wince800\platform\qemu\drivers\netkvm\protocolservice\service.h(232) : error C2228: left of '.lpServiceProc' must have class/struct/union {log="C:\WINCE800\platform\qemu\drivers\netkvm\ProtocolService\bldsys.log(219)"}
BUILD: [01:0000004532:ERRORE] c:\wince800\platform\qemu\drivers\netkvm\protocolservice\service.h(253) : error C2065: 'table' : undeclared identifier {log="C:\WINCE800\platform\qemu\drivers\netkvm\ProtocolService\bldsys.log(220)"}
BUILD: [01:0000004532:ERRORE] c:\wince800\platform\qemu\drivers\netkvm\protocolservice\service.h(253) : error C3861: 'StartServiceCtrlDispatcher': identifier not found {log="C:\WINCE800\platform\qemu\drivers\netkvm\ProtocolService\bldsys.log(221)"}
BUILD: [01:0000004532:ERRORE] c:\wince800\platform\qemu\drivers\netkvm\protocolservice\service.h(254) : error C2065: 'table' : undeclared identifier {log="C:\WINCE800\platform\qemu\drivers\netkvm\ProtocolService\bldsys.log(222)"}
BUILD: [01:0000004532:ERRORE] c:\wince800\platform\qemu\drivers\netkvm\protocolservice\service.h(254) : error C2541: 'delete' : cannot delete objects that are not pointers {log="C:\WINCE800\platform\qemu\drivers\netkvm\ProtocolService\bldsys.log(223)"}
BUILD: [01:0000004532:ERRORE] c:\wince800\platform\qemu\drivers\netkvm\protocolservice\service.h(299) : error C2065: 'status' : undeclared identifier {log="C:\WINCE800\platform\qemu\drivers\netkvm\ProtocolService\bldsys.log(224)"}
BUILD: [01:0000004532:ERRORE] c:\wince800\platform\qemu\drivers\netkvm\protocolservice\service.h(299) : error C2228: left of '.dwServiceType' must have class/struct/union {log="C:\WINCE800\platform\qemu\drivers\netkvm\ProtocolService\bldsys.log(225)"}
BUILD: [01:0000004532:ERRORE] c:\wince800\platform\qemu\drivers\netkvm\protocolservice\service.h(300) : error C2065: 'status' : undeclared identifier {log="C:\WINCE800\platform\qemu\drivers\netkvm\ProtocolService\bldsys.log(226)"}
BUILD: [01:0000004532:ERRORE] c:\wince800\platform\qemu\drivers\netkvm\protocolservice\service.h(300) : error C2228: left of '.dwCurrentState' must have class/struct/union {log="C:\WINCE800\platform\qemu\drivers\netkvm\ProtocolService\bldsys.log(227)"}
BUILD: [01:0000004532:ERRORE] c:\wince800\platform\qemu\drivers\netkvm\protocolservice\service.h(300) : error C2065: 'SERVICE_STOPPED' : undeclared identifier {log="C:\WINCE800\platform\qemu\drivers\netkvm\ProtocolService\bldsys.log(228)"}
BUILD: [01:0000004532:ERRORE] c:\wince800\platform\qemu\drivers\netkvm\protocolservice\service.h(301) : error C2065: 'status' : undeclared identifier {log="C:\WINCE800\platform\qemu\drivers\netkvm\ProtocolService\bldsys.log(229)"}
BUILD: [01:0000004532:ERRORE] c:\wince800\platform\qemu\drivers\netkvm\protocolservice\service.h(301) : error C2228: left of '.dwControlsAccepted' must have class/struct/union {log="C:\WINCE800\platform\qemu\drivers\netkvm\ProtocolService\bldsys.log(230)"}
BUILD: [01:0000004532:ERRORE] c:\wince800\platform\qemu\drivers\netkvm\protocolservice\service.h(301) : error C2065: 'SERVICE_ACCEPT_STOP' : undeclared identifier {log="C:\WINCE800\platform\qemu\drivers\netkvm\ProtocolService\bldsys.log(231)"}
BUILD: [01:0000004532:ERRORE] c:\wince800\platform\qemu\drivers\netkvm\protocolservice\service.h(301) : error C2065: 'SERVICE_ACCEPT_SESSIONCHANGE' : undeclared identifier {log="C:\WINCE800\platform\qemu\drivers\netkvm\ProtocolService\bldsys.log(232)"}
BUILD: [01:0000004532:ERRORE] c:\wince800\platform\qemu\drivers\netkvm\protocolservice\service.h(302) : error C2065: 'status' : undeclared identifier {log="C:\WINCE800\platform\qemu\drivers\netkvm\ProtocolService\bldsys.log(233)"}
BUILD: [01:0000004532:ERRORE] c:\wince800\platform\qemu\drivers\netkvm\protocolservice\service.h(302) : error C2228: left of '.dwWaitHint' must have class/struct/union {log="C:\WINCE800\platform\qemu\drivers\netkvm\ProtocolService\bldsys.log(234)"}
BUILD: [01:0000004594:ERRORE] c:\wince800\platform\qemu\drivers\netkvm\protocolservice\service.h(303) : error C2065: 'status' : undeclared identifier {log="C:\WINCE800\platform\qemu\drivers\netkvm\ProtocolService\bldsys.log(235)"}
BUILD: [01:0000004594:ERRORE] c:\wince800\platform\qemu\drivers\netkvm\protocolservice\service.h(303) : error C2228: left of '.dwCheckPoint' must have class/struct/union {log="C:\WINCE800\platform\qemu\drivers\netkvm\ProtocolService\bldsys.log(236)"}
BUILD: [01:0000004594:ERRORE] c:\wince800\platform\qemu\drivers\netkvm\protocolservice\service.h(304) : error C2065: 'status' : undeclared identifier {log="C:\WINCE800\platform\qemu\drivers\netkvm\ProtocolService\bldsys.log(237)"}
BUILD: [01:0000004594:ERRORE] c:\wince800\platform\qemu\drivers\netkvm\protocolservice\service.h(304) : error C2228: left of '.dwWin32ExitCode' must have class/struct/union {log="C:\WINCE800\platform\qemu\drivers\netkvm\ProtocolService\bldsys.log(238)"}
BUILD: [01:0000004594:ERRORE] c:\wince800\platform\qemu\drivers\netkvm\protocolservice\service.h(304) : fatal error C1003: error count exceeds 100; stopping compilation {log="C:\WINCE800\platform\qemu\drivers\netkvm\ProtocolService\bldsys.log(239)"}
BUILD: [01:0000005219:ERRORE] c:\wince800\platform\qemu\drivers\netkvm\protocolservice\names.h(11) : error C2065: 'SERVICE_CONTROL_STOP' : undeclared identifier {log="C:\WINCE800\platform\qemu\drivers\netkvm\ProtocolService\bldsys.log(240)"}
BUILD: [01:0000005219:ERRORE] c:\wince800\platform\qemu\drivers\netkvm\protocolservice\service.h(47) : error C2146: syntax error : missing ';' before identifier 'Handle' {log="C:\WINCE800\platform\qemu\drivers\netkvm\ProtocolService\bldsys.log(241)"}
BUILD: [01:0000005219:WARNN ] c:\wince800\platform\qemu\drivers\netkvm\protocolservice\service.h(47) : warning C4183: 'Handle': missing return type; assumed to be a member function returning 'int' {log="C:\WINCE800\platform\qemu\drivers\netkvm\ProtocolService\bldsys.log(242)"}
BUILD: [01:0000005219:ERRORE] c:\wince800\platform\qemu\drivers\netkvm\protocolservice\service.h(50) : error C2146: syntax error : missing ';' before identifier 'm_Handle' {log="C:\WINCE800\platform\qemu\drivers\netkvm\ProtocolService\bldsys.log(243)"}
BUILD: [01:0000005219:ERRORE] c:\wince800\platform\qemu\drivers\netkvm\protocolservice\service.h(8) : error C2065: 'm_Handle' : undeclared identifier {log="C:\WINCE800\platform\qemu\drivers\netkvm\ProtocolService\bldsys.log(244)"}
BUILD: [01:0000005235:ERRORE] c:\wince800\platform\qemu\drivers\netkvm\protocolservice\service.h(8) : error C2065: 'SC_MANAGER_ENUMERATE_SERVICE' : undeclared identifier {log="C:\WINCE800\platform\qemu\drivers\netkvm\ProtocolService\bldsys.log(245)"}
BUILD: [01:0000005235:ERRORE] c:\wince800\platform\qemu\drivers\netkvm\protocolservice\service.h(8) : error C2065: 'SC_MANAGER_ALL_ACCESS' : undeclared identifier {log="C:\WINCE800\platform\qemu\drivers\netkvm\ProtocolService\bldsys.log(246)"}
BUILD: [01:0000005235:ERRORE] c:\wince800\platform\qemu\drivers\netkvm\protocolservice\service.h(8) : error C3861: 'OpenSCManager': identifier not found {log="C:\WINCE800\platform\qemu\drivers\netkvm\ProtocolService\bldsys.log(247)"}
BUILD: [01:0000005235:ERRORE] c:\wince800\platform\qemu\drivers\netkvm\protocolservice\service.h(9) : error C2065: 'm_Handle' : undeclared identifier {log="C:\WINCE800\platform\qemu\drivers\netkvm\ProtocolService\bldsys.log(248)"}
BUILD: [01:0000005235:ERRORE] c:\wince800\platform\qemu\drivers\netkvm\protocolservice\service.h(16) : error C2065: 'm_Handle' : undeclared identifier {log="C:\WINCE800\platform\qemu\drivers\netkvm\ProtocolService\bldsys.log(249)"}
BUILD: [01:0000005235:ERRORE] c:\wince800\platform\qemu\drivers\netkvm\protocolservice\service.h(18) : error C2065: 'm_Handle' : undeclared identifier {log="C:\WINCE800\platform\qemu\drivers\netkvm\ProtocolService\bldsys.log(250)"}
BUILD: [01:0000005235:ERRORE] c:\wince800\platform\qemu\drivers\netkvm\protocolservice\service.h(18) : error C3861: 'CloseServiceHandle': identifier not found {log="C:\WINCE800\platform\qemu\drivers\netkvm\ProtocolService\bldsys.log(251)"}
BUILD: [01:0000005235:ERRORE] c:\wince800\platform\qemu\drivers\netkvm\protocolservice\service.h(25) : error C2065: 'SC_HANDLE' : undeclared identifier {log="C:\WINCE800\platform\qemu\drivers\netkvm\ProtocolService\bldsys.log(252)"}
BUILD: [01:0000005235:ERRORE] c:\wince800\platform\qemu\drivers\netkvm\protocolservice\service.h(25) : error C2146: syntax error : missing ';' before identifier 'h' {log="C:\WINCE800\platform\qemu\drivers\netkvm\ProtocolService\bldsys.log(253)"}
BUILD: [01:0000005250:ERRORE] c:\wince800\platform\qemu\drivers\netkvm\protocolservice\service.h(25) : error C2065: 'h' : undeclared identifier {log="C:\WINCE800\platform\qemu\drivers\netkvm\ProtocolService\bldsys.log(254)"}
BUILD: [01:0000005250:ERRORE] c:\wince800\platform\qemu\drivers\netkvm\protocolservice\service.h(25) : error C2065: 'm_Handle' : undeclared identifier {log="C:\WINCE800\platform\qemu\drivers\netkvm\ProtocolService\bldsys.log(255)"}
BUILD: [01:0000005250:ERRORE] c:\wince800\platform\qemu\drivers\netkvm\protocolservice\service.h(26) : error C2065: 'SERVICE_STOP' : undeclared identifier {log="C:\WINCE800\platform\qemu\drivers\netkvm\ProtocolService\bldsys.log(256)"}
BUILD: [01:0000005250:ERRORE] c:\wince800\platform\qemu\drivers\netkvm\protocolservice\service.h(26) : error C2065: 'SERVICE_START' : undeclared identifier {log="C:\WINCE800\platform\qemu\drivers\netkvm\ProtocolService\bldsys.log(257)"}
BUILD: [01:0000005250:ERRORE] c:\wince800\platform\qemu\drivers\netkvm\protocolservice\service.h(26) : error C2065: 'SERVICE_QUERY_STATUS' : undeclared identifier {log="C:\WINCE800\platform\qemu\drivers\netkvm\ProtocolService\bldsys.log(258)"}
BUILD: [01:0000005250:ERRORE] c:\wince800\platform\qemu\drivers\netkvm\protocolservice\service.h(25) : error C3861: 'CreateService': identifier not found {log="C:\WINCE800\platform\qemu\drivers\netkvm\ProtocolService\bldsys.log(259)"}
BUILD: [01:0000005250:ERRORE] c:\wince800\platform\qemu\drivers\netkvm\protocolservice\service.h(36) : error C2065: 'h' : undeclared identifier {log="C:\WINCE800\platform\qemu\drivers\netkvm\ProtocolService\bldsys.log(260)"}
BUILD: [01:0000005250:ERRORE] c:\wince800\platform\qemu\drivers\netkvm\protocolservice\service.h(39) : error C2065: 'h' : undeclared identifier {log="C:\WINCE800\platform\qemu\drivers\netkvm\ProtocolService\bldsys.log(261)"}
BUILD: [01:0000005250:ERRORE] c:\wince800\platform\qemu\drivers\netkvm\protocolservice\service.h(39) : error C3861: 'CloseServiceHandle': identifier not found {log="C:\WINCE800\platform\qemu\drivers\netkvm\ProtocolService\bldsys.log(262)"}
BUILD: [01:0000005250:ERRORE] c:\wince800\platform\qemu\drivers\netkvm\protocolservice\service.h(45) : error C2065: 'h' : undeclared identifier {log="C:\WINCE800\platform\qemu\drivers\netkvm\ProtocolService\bldsys.log(263)"}
BUILD: [01:0000005250:ERRORE] c:\wince800\platform\qemu\drivers\netkvm\protocolservice\service.h(47) : error C2065: 'm_Handle' : undeclared identifier {log="C:\WINCE800\platform\qemu\drivers\netkvm\ProtocolService\bldsys.log(264)"}
BUILD: [01:0000005250:ERRORE] c:\wince800\platform\qemu\drivers\netkvm\protocolservice\service.h(181) : error C2061: syntax error : identifier 'PSERVICE_NOTIFY' {log="C:\WINCE800\platform\qemu\drivers\netkvm\ProtocolService\bldsys.log(265)"}
BUILD: [01:0000005250:ERRORE] c:\wince800\platform\qemu\drivers\netkvm\protocolservice\service.h(199) : error C2146: syntax error : missing ';' before identifier 'm_Handle' {log="C:\WINCE800\platform\qemu\drivers\netkvm\ProtocolService\bldsys.log(266)"}
BUILD: [01:0000005250:ERRORE] c:\wince800\platform\qemu\drivers\netkvm\protocolservice\service.h(200) : error C2146: syntax error : missing ';' before identifier 'm_Status' {log="C:\WINCE800\platform\qemu\drivers\netkvm\ProtocolService\bldsys.log(267)"}
BUILD: [01:0000005250:ERRORE] c:\wince800\platform\qemu\drivers\netkvm\protocolservice\service.h(59) : error C2614: 'CService' : illegal member initialization: 'm_Handle' is not a base or member {log="C:\WINCE800\platform\qemu\drivers\netkvm\ProtocolService\bldsys.log(268)"}
BUILD: [01:0000005266:ERRORE] c:\wince800\platform\qemu\drivers\netkvm\protocolservice\service.h(60) : error C2065: 'SERVICE_QUERY_STATUS' : undeclared identifier {log="C:\WINCE800\platform\qemu\drivers\netkvm\ProtocolService\bldsys.log(269)"}
BUILD: [01:0000005266:ERRORE] c:\wince800\platform\qemu\drivers\netkvm\protocolservice\service.h(63) : error C2065: 'SERVICE_STOP' : undeclared identifier {log="C:\WINCE800\platform\qemu\drivers\netkvm\ProtocolService\bldsys.log(270)"}
BUILD: [01:0000005266:ERRORE] c:\wince800\platform\qemu\drivers\netkvm\protocolservice\service.h(63) : error C2065: 'SERVICE_START' : undeclared identifier {log="C:\WINCE800\platform\qemu\drivers\netkvm\ProtocolService\bldsys.log(271)"}
BUILD: [01:0000005266:ERRORE] c:\wince800\platform\qemu\drivers\netkvm\protocolservice\service.h(67) : error C2065: 'm_Handle' : undeclared identifier {log="C:\WINCE800\platform\qemu\drivers\netkvm\ProtocolService\bldsys.log(272)"}
BUILD: [01:0000005297:ERRORE] c:\wince800\platform\qemu\drivers\netkvm\protocolservice\service.h(67) : error C3861: 'OpenService': identifier not found {log="C:\WINCE800\platform\qemu\drivers\netkvm\ProtocolService\bldsys.log(273)"}
BUILD: [01:0000005313:ERRORE] c:\wince800\platform\qemu\drivers\netkvm\protocolservice\service.h(70) : error C2065: 'm_Handle' : undeclared identifier {log="C:\WINCE800\platform\qemu\drivers\netkvm\ProtocolService\bldsys.log(274)"}
BUILD: [01:0000005313:ERRORE] c:\wince800\platform\qemu\drivers\netkvm\protocolservice\service.h(77) : error C2065: 'm_Handle' : undeclared identifier {log="C:\WINCE800\platform\qemu\drivers\netkvm\ProtocolService\bldsys.log(275)"}
BUILD: [01:0000005313:ERRORE] c:\wince800\platform\qemu\drivers\netkvm\protocolservice\service.h(79) : error C2065: 'm_Handle' : undeclared identifier {log="C:\WINCE800\platform\qemu\drivers\netkvm\ProtocolService\bldsys.log(276)"}
BUILD: [01:0000005313:ERRORE] c:\wince800\platform\qemu\drivers\netkvm\protocolservice\service.h(79) : error C3861: 'CloseServiceHandle': identifier not found {log="C:\WINCE800\platform\qemu\drivers\netkvm\ProtocolService\bldsys.log(277)"}
BUILD: [01:0000005313:ERRORE] c:\wince800\platform\qemu\drivers\netkvm\protocolservice\service.h(84) : error C2065: 'm_Handle' : undeclared identifier {log="C:\WINCE800\platform\qemu\drivers\netkvm\ProtocolService\bldsys.log(278)"}
BUILD: [01:0000005313:ERRORE] c:\wince800\platform\qemu\drivers\netkvm\protocolservice\service.h(88) : error C2065: 'm_Handle' : undeclared identifier {log="C:\WINCE800\platform\qemu\drivers\netkvm\ProtocolService\bldsys.log(279)"}
BUILD: [01:0000005313:ERRORE] c:\wince800\platform\qemu\drivers\netkvm\protocolservice\service.h(88) : error C2065: 'SERVICE_CONTROL_STOP' : undeclared identifier {log="C:\WINCE800\platform\qemu\drivers\netkvm\ProtocolService\bldsys.log(280)"}
BUILD: [01:0000005329:ERRORE] c:\wince800\platform\qemu\drivers\netkvm\protocolservice\service.h(88) : error C2065: 'm_Status' : undeclared identifier {log="C:\WINCE800\platform\qemu\drivers\netkvm\ProtocolService\bldsys.log(281)"}
BUILD: [01:0000005329:ERRORE] c:\wince800\platform\qemu\drivers\netkvm\protocolservice\service.h(88) : error C3861: 'ControlService': identifier not found {log="C:\WINCE800\platform\qemu\drivers\netkvm\ProtocolService\bldsys.log(282)"}
BUILD: [01:0000005329:ERRORE] c:\wince800\platform\qemu\drivers\netkvm\protocolservice\service.h(99) : error C2065: 'm_Handle' : undeclared identifier {log="C:\WINCE800\platform\qemu\drivers\netkvm\ProtocolService\bldsys.log(283)"}
BUILD: [01:0000005329:ERRORE] c:\wince800\platform\qemu\drivers\netkvm\protocolservice\service.h(103) : error C2065: 'm_Handle' : undeclared identifier {log="C:\WINCE800\platform\qemu\drivers\netkvm\ProtocolService\bldsys.log(284)"}
BUILD: [01:0000005329:ERRORE] c:\wince800\platform\qemu\drivers\netkvm\protocolservice\service.h(103) : error C3861: 'StartService': identifier not found {log="C:\WINCE800\platform\qemu\drivers\netkvm\ProtocolService\bldsys.log(285)"}
BUILD: [01:0000005329:ERRORE] c:\wince800\platform\qemu\drivers\netkvm\protocolservice\service.h(114) : error C2065: 'm_Handle' : undeclared identifier {log="C:\WINCE800\platform\qemu\drivers\netkvm\ProtocolService\bldsys.log(286)"}
BUILD: [01:0000005329:ERRORE] c:\wince800\platform\qemu\drivers\netkvm\protocolservice\service.h(118) : error C2065: 'm_Handle' : undeclared identifier {log="C:\WINCE800\platform\qemu\drivers\netkvm\ProtocolService\bldsys.log(287)"}
BUILD: [01:0000005329:ERRORE] c:\wince800\platform\qemu\drivers\netkvm\protocolservice\service.h(118) : error C2065: 'm_Status' : undeclared identifier {log="C:\WINCE800\platform\qemu\drivers\netkvm\ProtocolService\bldsys.log(288)"}
BUILD: [01:0000005329:ERRORE] c:\wince800\platform\qemu\drivers\netkvm\protocolservice\service.h(118) : error C3861: 'QueryServiceStatus': identifier not found {log="C:\WINCE800\platform\qemu\drivers\netkvm\ProtocolService\bldsys.log(289)"}
BUILD: [01:0000005329:ERRORE] c:\wince800\platform\qemu\drivers\netkvm\protocolservice\service.h(122) : error C2065: 'm_Status' : undeclared identifier {log="C:\WINCE800\platform\qemu\drivers\netkvm\ProtocolService\bldsys.log(290)"}
BUILD: [01:0000005329:ERRORE] c:\wince800\platform\qemu\drivers\netkvm\protocolservice\service.h(122) : error C2228: left of '.dwCurrentState' must have class/struct/union {log="C:\WINCE800\platform\qemu\drivers\netkvm\ProtocolService\bldsys.log(291)"}
BUILD: [01:0000005344:ERRORE] c:\wince800\platform\qemu\drivers\netkvm\protocolservice\service.h(129) : error C2065: 'm_Handle' : undeclared identifier {log="C:\WINCE800\platform\qemu\drivers\netkvm\ProtocolService\bldsys.log(292)"}
BUILD: [01:0000005344:ERRORE] c:\wince800\platform\qemu\drivers\netkvm\protocolservice\service.h(133) : error C2065: 'm_Handle' : undeclared identifier {log="C:\WINCE800\platform\qemu\drivers\netkvm\ProtocolService\bldsys.log(293)"}
BUILD: [01:0000005344:ERRORE] c:\wince800\platform\qemu\drivers\netkvm\protocolservice\service.h(133) : error C3861: 'DeleteService': identifier not found {log="C:\WINCE800\platform\qemu\drivers\netkvm\ProtocolService\bldsys.log(294)"}
BUILD: [01:0000005344:ERRORE] c:\wince800\platform\qemu\drivers\netkvm\protocolservice\service.h(152) : error C2065: 'SERVICE_STOPPED' : undeclared identifier {log="C:\WINCE800\platform\qemu\drivers\netkvm\ProtocolService\bldsys.log(295)"}
BUILD: [01:0000005344:ERRORE] c:\wince800\platform\qemu\drivers\netkvm\protocolservice\service.h(152) : error C2065: 'SERVICE_STOP_PENDING' : undeclared identifier {log="C:\WINCE800\platform\qemu\drivers\netkvm\ProtocolService\bldsys.log(296)"}
BUILD: [01:0000005344:ERRORE] c:\wince800\platform\qemu\drivers\netkvm\protocolservice\service.h(161) : error C2065: 'SERVICE_RUNNING' : undeclared identifier {log="C:\WINCE800\platform\qemu\drivers\netkvm\ProtocolService\bldsys.log(297)"}
BUILD: [01:0000005344:ERRORE] c:\wince800\platform\qemu\drivers\netkvm\protocolservice\service.h(183) : error C2065: 'm_Handle' : undeclared identifier {log="C:\WINCE800\platform\qemu\drivers\netkvm\ProtocolService\bldsys.log(298)"}
BUILD: [01:0000005344:ERRORE] c:\wince800\platform\qemu\drivers\netkvm\protocolservice\service.h(187) : error C2065: 'm_Status' : undeclared identifier {log="C:\WINCE800\platform\qemu\drivers\netkvm\ProtocolService\bldsys.log(299)"}
BUILD: [01:0000005344:ERRORE] c:\wince800\platform\qemu\drivers\netkvm\protocolservice\service.h(187) : error C2228: left of '.dwServiceType' must have class/struct/union {log="C:\WINCE800\platform\qemu\drivers\netkvm\ProtocolService\bldsys.log(300)"}
BUILD: [01:0000005344:ERRORE] c:\wince800\platform\qemu\drivers\netkvm\protocolservice\service.h(192) : error C2065: 'm_Handle' : undeclared identifier {log="C:\WINCE800\platform\qemu\drivers\netkvm\ProtocolService\bldsys.log(301)"}
BUILD: [01:0000005344:ERRORE] c:\wince800\platform\qemu\drivers\netkvm\protocolservice\service.h(192) : error C2065: 'pNotify' : undeclared identifier {log="C:\WINCE800\platform\qemu\drivers\netkvm\ProtocolService\bldsys.log(302)"}
BUILD: [01:0000005344:ERRORE] c:\wince800\platform\qemu\drivers\netkvm\protocolservice\service.h(192) : error C3861: 'NotifyServiceStatusChange': identifier not found {log="C:\WINCE800\platform\qemu\drivers\netkvm\ProtocolService\bldsys.log(303)"}
BUILD: [01:0000005360:ERRORE] c:\wince800\platform\qemu\drivers\netkvm\protocolservice\service.h(293) : error C2864: 'CServiceImplementation::m_StopEvent' : only static const integral data members can be initialized within a class {log="C:\WINCE800\platform\qemu\drivers\netkvm\ProtocolService\bldsys.log(304)"}
BUILD: [01:0000005360:ERRORE] c:\wince800\platform\qemu\drivers\netkvm\protocolservice\service.h(307) : error C2146: syntax error : missing ';' before identifier 'hService' {log="C:\WINCE800\platform\qemu\drivers\netkvm\ProtocolService\bldsys.log(305)"}
BUILD: [01:0000005360:ERRORE] c:\wince800\platform\qemu\drivers\netkvm\protocolservice\service.h(308) : error C2146: syntax error : missing ';' before identifier 'status' {log="C:\WINCE800\platform\qemu\drivers\netkvm\ProtocolService\bldsys.log(306)"}
BUILD: [01:0000005360:ERRORE] c:\wince800\platform\qemu\drivers\netkvm\protocolservice\service.h(216) : error C2065: 'WTS_CURRENT_SERVER_HANDLE' : undeclared identifier {log="C:\WINCE800\platform\qemu\drivers\netkvm\ProtocolService\bldsys.log(307)"}
BUILD: [01:0000005360:ERRORE] c:\wince800\platform\qemu\drivers\netkvm\protocolservice\service.h(216) : error C2065: 'WTS_CURRENT_SESSION' : undeclared identifier {log="C:\WINCE800\platform\qemu\drivers\netkvm\ProtocolService\bldsys.log(308)"}
BUILD: [01:0000005360:ERRORE] c:\wince800\platform\qemu\drivers\netkvm\protocolservice\service.h(217) : error C2065: 'WTSSessionId' : undeclared identifier {log="C:\WINCE800\platform\qemu\drivers\netkvm\ProtocolService\bldsys.log(309)"}
BUILD: [01:0000005360:ERRORE] c:\wince800\platform\qemu\drivers\netkvm\protocolservice\service.h(216) : error C3861: 'WTSQuerySessionInformationA': identifier not found {log="C:\WINCE800\platform\qemu\drivers\netkvm\ProtocolService\bldsys.log(310)"}
BUILD: [01:0000005360:ERRORE] c:\wince800\platform\qemu\drivers\netkvm\protocolservice\service.h(221) : error C3861: 'WTSFreeMemory': identifier not found {log="C:\WINCE800\platform\qemu\drivers\netkvm\ProtocolService\bldsys.log(311)"}
BUILD: [01:0000005360:ERRORE] c:\wince800\platform\qemu\drivers\netkvm\protocolservice\service.h(225) : error C2065: 'SERVICE_TABLE_ENTRY' : undeclared identifier {log="C:\WINCE800\platform\qemu\drivers\netkvm\ProtocolService\bldsys.log(312)"}
BUILD: [01:0000005360:ERRORE] c:\wince800\platform\qemu\drivers\netkvm\protocolservice\service.h(225) : error C2065: 'table' : undeclared identifier {log="C:\WINCE800\platform\qemu\drivers\netkvm\ProtocolService\bldsys.log(313)"}
BUILD: [01:0000005360:ERRORE] c:\wince800\platform\qemu\drivers\netkvm\protocolservice\service.h(225) : error C2061: syntax error : identifier 'SERVICE_TABLE_ENTRY' {log="C:\WINCE800\platform\qemu\drivers\netkvm\ProtocolService\bldsys.log(314)"}
BUILD: [01:0000005360:ERRORE] c:\wince800\platform\qemu\drivers\netkvm\protocolservice\service.h(226) : error C2065: 'table' : undeclared identifier {log="C:\WINCE800\platform\qemu\drivers\netkvm\ProtocolService\bldsys.log(315)"}
BUILD: [01:0000005360:ERRORE] c:\wince800\platform\qemu\drivers\netkvm\protocolservice\service.h(226) : error C2228: left of '.lpServiceName' must have class/struct/union {log="C:\WINCE800\platform\qemu\drivers\netkvm\ProtocolService\bldsys.log(316)"}
BUILD: [01:0000005360:ERRORE] c:\wince800\platform\qemu\drivers\netkvm\protocolservice\service.h(227) : error C2065: 'table' : undeclared identifier {log="C:\WINCE800\platform\qemu\drivers\netkvm\ProtocolService\bldsys.log(317)"}
BUILD: [01:0000005375:ERRORE] c:\wince800\platform\qemu\drivers\netkvm\protocolservice\service.h(227) : error C2228: left of '.lpServiceProc' must have class/struct/union {log="C:\WINCE800\platform\qemu\drivers\netkvm\ProtocolService\bldsys.log(318)"}
BUILD: [01:0000005375:ERRORE] c:\wince800\platform\qemu\drivers\netkvm\protocolservice\service.h(231) : error C2065: 'table' : undeclared identifier {log="C:\WINCE800\platform\qemu\drivers\netkvm\ProtocolService\bldsys.log(319)"}
BUILD: [01:0000005375:ERRORE] c:\wince800\platform\qemu\drivers\netkvm\protocolservice\service.h(231) : error C2228: left of '.lpServiceName' must have class/struct/union {log="C:\WINCE800\platform\qemu\drivers\netkvm\ProtocolService\bldsys.log(320)"}
BUILD: [01:0000005375:ERRORE] c:\wince800\platform\qemu\drivers\netkvm\protocolservice\service.h(232) : error C2065: 'table' : undeclared identifier {log="C:\WINCE800\platform\qemu\drivers\netkvm\ProtocolService\bldsys.log(321)"}
BUILD: [01:0000005375:ERRORE] c:\wince800\platform\qemu\drivers\netkvm\protocolservice\service.h(232) : error C2228: left of '.lpServiceProc' must have class/struct/union {log="C:\WINCE800\platform\qemu\drivers\netkvm\ProtocolService\bldsys.log(322)"}
BUILD: [01:0000005375:ERRORE] c:\wince800\platform\qemu\drivers\netkvm\protocolservice\service.h(253) : error C2065: 'table' : undeclared identifier {log="C:\WINCE800\platform\qemu\drivers\netkvm\ProtocolService\bldsys.log(323)"}
BUILD: [01:0000005375:ERRORE] c:\wince800\platform\qemu\drivers\netkvm\protocolservice\service.h(253) : error C3861: 'StartServiceCtrlDispatcher': identifier not found {log="C:\WINCE800\platform\qemu\drivers\netkvm\ProtocolService\bldsys.log(324)"}
BUILD: [01:0000005391:ERRORE] c:\wince800\platform\qemu\drivers\netkvm\protocolservice\service.h(254) : error C2065: 'table' : undeclared identifier {log="C:\WINCE800\platform\qemu\drivers\netkvm\ProtocolService\bldsys.log(325)"}
BUILD: [01:0000005391:ERRORE] c:\wince800\platform\qemu\drivers\netkvm\protocolservice\service.h(254) : error C2541: 'delete' : cannot delete objects that are not pointers {log="C:\WINCE800\platform\qemu\drivers\netkvm\ProtocolService\bldsys.log(326)"}
BUILD: [01:0000005391:ERRORE] c:\wince800\platform\qemu\drivers\netkvm\protocolservice\service.h(299) : error C2065: 'status' : undeclared identifier {log="C:\WINCE800\platform\qemu\drivers\netkvm\ProtocolService\bldsys.log(327)"}
BUILD: [01:0000005391:ERRORE] c:\wince800\platform\qemu\drivers\netkvm\protocolservice\service.h(299) : error C2228: left of '.dwServiceType' must have class/struct/union {log="C:\WINCE800\platform\qemu\drivers\netkvm\ProtocolService\bldsys.log(328)"}
BUILD: [01:0000005391:ERRORE] c:\wince800\platform\qemu\drivers\netkvm\protocolservice\service.h(300) : error C2065: 'status' : undeclared identifier {log="C:\WINCE800\platform\qemu\drivers\netkvm\ProtocolService\bldsys.log(329)"}
BUILD: [01:0000005407:ERRORE] c:\wince800\platform\qemu\drivers\netkvm\protocolservice\service.h(300) : error C2228: left of '.dwCurrentState' must have class/struct/union {log="C:\WINCE800\platform\qemu\drivers\netkvm\ProtocolService\bldsys.log(330)"}
BUILD: [01:0000005407:ERRORE] c:\wince800\platform\qemu\drivers\netkvm\protocolservice\service.h(300) : error C2065: 'SERVICE_STOPPED' : undeclared identifier {log="C:\WINCE800\platform\qemu\drivers\netkvm\ProtocolService\bldsys.log(331)"}
BUILD: [01:0000005407:ERRORE] c:\wince800\platform\qemu\drivers\netkvm\protocolservice\service.h(301) : error C2065: 'status' : undeclared identifier {log="C:\WINCE800\platform\qemu\drivers\netkvm\ProtocolService\bldsys.log(332)"}
BUILD: [01:0000005407:ERRORE] c:\wince800\platform\qemu\drivers\netkvm\protocolservice\service.h(301) : error C2228: left of '.dwControlsAccepted' must have class/struct/union {log="C:\WINCE800\platform\qemu\drivers\netkvm\ProtocolService\bldsys.log(333)"}
BUILD: [01:0000005407:ERRORE] c:\wince800\platform\qemu\drivers\netkvm\protocolservice\service.h(301) : error C2065: 'SERVICE_ACCEPT_STOP' : undeclared identifier {log="C:\WINCE800\platform\qemu\drivers\netkvm\ProtocolService\bldsys.log(334)"}
BUILD: [01:0000005407:ERRORE] c:\wince800\platform\qemu\drivers\netkvm\protocolservice\service.h(301) : error C2065: 'SERVICE_ACCEPT_SESSIONCHANGE' : undeclared identifier {log="C:\WINCE800\platform\qemu\drivers\netkvm\ProtocolService\bldsys.log(335)"}
BUILD: [01:0000005407:ERRORE] c:\wince800\platform\qemu\drivers\netkvm\protocolservice\service.h(302) : error C2065: 'status' : undeclared identifier {log="C:\WINCE800\platform\qemu\drivers\netkvm\ProtocolService\bldsys.log(336)"}
BUILD: [01:0000005407:ERRORE] c:\wince800\platform\qemu\drivers\netkvm\protocolservice\service.h(302) : error C2228: left of '.dwWaitHint' must have class/struct/union {log="C:\WINCE800\platform\qemu\drivers\netkvm\ProtocolService\bldsys.log(337)"}
BUILD: [01:0000005407:ERRORE] c:\wince800\platform\qemu\drivers\netkvm\protocolservice\service.h(303) : error C2065: 'status' : undeclared identifier {log="C:\WINCE800\platform\qemu\drivers\netkvm\ProtocolService\bldsys.log(338)"}
BUILD: [01:0000005407:ERRORE] c:\wince800\platform\qemu\drivers\netkvm\protocolservice\service.h(303) : error C2228: left of '.dwCheckPoint' must have class/struct/union {log="C:\WINCE800\platform\qemu\drivers\netkvm\ProtocolService\bldsys.log(339)"}
BUILD: [01:0000005407:ERRORE] c:\wince800\platform\qemu\drivers\netkvm\protocolservice\service.h(304) : error C2065: 'status' : undeclared identifier {log="C:\WINCE800\platform\qemu\drivers\netkvm\ProtocolService\bldsys.log(340)"}
BUILD: [01:0000005407:ERRORE] c:\wince800\platform\qemu\drivers\netkvm\protocolservice\service.h(304) : error C2228: left of '.dwWin32ExitCode' must have class/struct/union {log="C:\WINCE800\platform\qemu\drivers\netkvm\ProtocolService\bldsys.log(341)"}
BUILD: [01:0000005407:ERRORE] c:\wince800\platform\qemu\drivers\netkvm\protocolservice\service.h(304) : fatal error C1003: error count exceeds 100; stopping compilation {log="C:\WINCE800\platform\qemu\drivers\netkvm\ProtocolService\bldsys.log(342)"}
BUILD: [01:0000005875:ERRORE] c:\wince800\platform\qemu\drivers\netkvm\protocolservice\names.h(11) : error C2065: 'SERVICE_CONTROL_STOP' : undeclared identifier {log="C:\WINCE800\platform\qemu\drivers\netkvm\ProtocolService\bldsys.log(343)"}
BUILD: [01:0000005875:ERRORE] c:\wince800\platform\qemu\drivers\netkvm\protocolservice\service.h(47) : error C2146: syntax error : missing ';' before identifier 'Handle' {log="C:\WINCE800\platform\qemu\drivers\netkvm\ProtocolService\bldsys.log(344)"}
BUILD: [01:0000005875:WARNN ] c:\wince800\platform\qemu\drivers\netkvm\protocolservice\service.h(47) : warning C4183: 'Handle': missing return type; assumed to be a member function returning 'int' {log="C:\WINCE800\platform\qemu\drivers\netkvm\ProtocolService\bldsys.log(345)"}
BUILD: [01:0000005875:ERRORE] c:\wince800\platform\qemu\drivers\netkvm\protocolservice\service.h(50) : error C2146: syntax error : missing ';' before identifier 'm_Handle' {log="C:\WINCE800\platform\qemu\drivers\netkvm\ProtocolService\bldsys.log(346)"}
BUILD: [01:0000005875:ERRORE] c:\wince800\platform\qemu\drivers\netkvm\protocolservice\service.h(8) : error C2065: 'm_Handle' : undeclared identifier {log="C:\WINCE800\platform\qemu\drivers\netkvm\ProtocolService\bldsys.log(347)"}
BUILD: [01:0000005875:ERRORE] c:\wince800\platform\qemu\drivers\netkvm\protocolservice\service.h(8) : error C2065: 'SC_MANAGER_ENUMERATE_SERVICE' : undeclared identifier {log="C:\WINCE800\platform\qemu\drivers\netkvm\ProtocolService\bldsys.log(348)"}
BUILD: [01:0000005875:ERRORE] c:\wince800\platform\qemu\drivers\netkvm\protocolservice\service.h(8) : error C2065: 'SC_MANAGER_ALL_ACCESS' : undeclared identifier {log="C:\WINCE800\platform\qemu\drivers\netkvm\ProtocolService\bldsys.log(349)"}
BUILD: [01:0000005891:ERRORE] c:\wince800\platform\qemu\drivers\netkvm\protocolservice\service.h(8) : error C3861: 'OpenSCManager': identifier not found {log="C:\WINCE800\platform\qemu\drivers\netkvm\ProtocolService\bldsys.log(350)"}
BUILD: [01:0000005891:ERRORE] c:\wince800\platform\qemu\drivers\netkvm\protocolservice\service.h(9) : error C2065: 'm_Handle' : undeclared identifier {log="C:\WINCE800\platform\qemu\drivers\netkvm\ProtocolService\bldsys.log(351)"}
BUILD: [01:0000005891:ERRORE] c:\wince800\platform\qemu\drivers\netkvm\protocolservice\service.h(16) : error C2065: 'm_Handle' : undeclared identifier {log="C:\WINCE800\platform\qemu\drivers\netkvm\ProtocolService\bldsys.log(352)"}
BUILD: [01:0000005891:ERRORE] c:\wince800\platform\qemu\drivers\netkvm\protocolservice\service.h(18) : error C2065: 'm_Handle' : undeclared identifier {log="C:\WINCE800\platform\qemu\drivers\netkvm\ProtocolService\bldsys.log(353)"}
BUILD: [01:0000005891:ERRORE] c:\wince800\platform\qemu\drivers\netkvm\protocolservice\service.h(18) : error C3861: 'CloseServiceHandle': identifier not found {log="C:\WINCE800\platform\qemu\drivers\netkvm\ProtocolService\bldsys.log(354)"}
BUILD: [01:0000005891:ERRORE] c:\wince800\platform\qemu\drivers\netkvm\protocolservice\service.h(25) : error C2065: 'SC_HANDLE' : undeclared identifier {log="C:\WINCE800\platform\qemu\drivers\netkvm\ProtocolService\bldsys.log(355)"}
BUILD: [01:0000005891:ERRORE] c:\wince800\platform\qemu\drivers\netkvm\protocolservice\service.h(25) : error C2146: syntax error : missing ';' before identifier 'h' {log="C:\WINCE800\platform\qemu\drivers\netkvm\ProtocolService\bldsys.log(356)"}
BUILD: [01:0000005891:ERRORE] c:\wince800\platform\qemu\drivers\netkvm\protocolservice\service.h(25) : error C2065: 'h' : undeclared identifier {log="C:\WINCE800\platform\qemu\drivers\netkvm\ProtocolService\bldsys.log(357)"}
BUILD: [01:0000005891:ERRORE] c:\wince800\platform\qemu\drivers\netkvm\protocolservice\service.h(25) : error C2065: 'm_Handle' : undeclared identifier {log="C:\WINCE800\platform\qemu\drivers\netkvm\ProtocolService\bldsys.log(358)"}
BUILD: [01:0000005891:ERRORE] c:\wince800\platform\qemu\drivers\netkvm\protocolservice\service.h(26) : error C2065: 'SERVICE_STOP' : undeclared identifier {log="C:\WINCE800\platform\qemu\drivers\netkvm\ProtocolService\bldsys.log(359)"}
BUILD: [01:0000005907:ERRORE] c:\wince800\platform\qemu\drivers\netkvm\protocolservice\service.h(26) : error C2065: 'SERVICE_START' : undeclared identifier {log="C:\WINCE800\platform\qemu\drivers\netkvm\ProtocolService\bldsys.log(360)"}
BUILD: [01:0000005907:ERRORE] c:\wince800\platform\qemu\drivers\netkvm\protocolservice\service.h(26) : error C2065: 'SERVICE_QUERY_STATUS' : undeclared identifier {log="C:\WINCE800\platform\qemu\drivers\netkvm\ProtocolService\bldsys.log(361)"}
BUILD: [01:0000005907:ERRORE] c:\wince800\platform\qemu\drivers\netkvm\protocolservice\service.h(25) : error C3861: 'CreateService': identifier not found {log="C:\WINCE800\platform\qemu\drivers\netkvm\ProtocolService\bldsys.log(362)"}
BUILD: [01:0000005907:ERRORE] c:\wince800\platform\qemu\drivers\netkvm\protocolservice\service.h(36) : error C2065: 'h' : undeclared identifier {log="C:\WINCE800\platform\qemu\drivers\netkvm\ProtocolService\bldsys.log(363)"}
BUILD: [01:0000005907:ERRORE] c:\wince800\platform\qemu\drivers\netkvm\protocolservice\service.h(39) : error C2065: 'h' : undeclared identifier {log="C:\WINCE800\platform\qemu\drivers\netkvm\ProtocolService\bldsys.log(364)"}
BUILD: [01:0000005907:ERRORE] c:\wince800\platform\qemu\drivers\netkvm\protocolservice\service.h(39) : error C3861: 'CloseServiceHandle': identifier not found {log="C:\WINCE800\platform\qemu\drivers\netkvm\ProtocolService\bldsys.log(365)"}
BUILD: [01:0000005907:ERRORE] c:\wince800\platform\qemu\drivers\netkvm\protocolservice\service.h(45) : error C2065: 'h' : undeclared identifier {log="C:\WINCE800\platform\qemu\drivers\netkvm\ProtocolService\bldsys.log(366)"}
BUILD: [01:0000005907:ERRORE] c:\wince800\platform\qemu\drivers\netkvm\protocolservice\service.h(47) : error C2065: 'm_Handle' : undeclared identifier {log="C:\WINCE800\platform\qemu\drivers\netkvm\ProtocolService\bldsys.log(367)"}
BUILD: [01:0000005907:ERRORE] c:\wince800\platform\qemu\drivers\netkvm\protocolservice\service.h(181) : error C2061: syntax error : identifier 'PSERVICE_NOTIFY' {log="C:\WINCE800\platform\qemu\drivers\netkvm\ProtocolService\bldsys.log(368)"}
BUILD: [01:0000005907:ERRORE] c:\wince800\platform\qemu\drivers\netkvm\protocolservice\service.h(199) : error C2146: syntax error : missing ';' before identifier 'm_Handle' {log="C:\WINCE800\platform\qemu\drivers\netkvm\ProtocolService\bldsys.log(369)"}
BUILD: [01:0000005922:ERRORE] c:\wince800\platform\qemu\drivers\netkvm\protocolservice\service.h(200) : error C2146: syntax error : missing ';' before identifier 'm_Status' {log="C:\WINCE800\platform\qemu\drivers\netkvm\ProtocolService\bldsys.log(370)"}
BUILD: [01:0000005922:ERRORE] c:\wince800\platform\qemu\drivers\netkvm\protocolservice\service.h(59) : error C2614: 'CService' : illegal member initialization: 'm_Handle' is not a base or member {log="C:\WINCE800\platform\qemu\drivers\netkvm\ProtocolService\bldsys.log(371)"}
BUILD: [01:0000005922:ERRORE] c:\wince800\platform\qemu\drivers\netkvm\protocolservice\service.h(60) : error C2065: 'SERVICE_QUERY_STATUS' : undeclared identifier {log="C:\WINCE800\platform\qemu\drivers\netkvm\ProtocolService\bldsys.log(372)"}
BUILD: [01:0000005922:ERRORE] c:\wince800\platform\qemu\drivers\netkvm\protocolservice\service.h(63) : error C2065: 'SERVICE_STOP' : undeclared identifier {log="C:\WINCE800\platform\qemu\drivers\netkvm\ProtocolService\bldsys.log(373)"}
BUILD: [01:0000005922:ERRORE] c:\wince800\platform\qemu\drivers\netkvm\protocolservice\service.h(63) : error C2065: 'SERVICE_START' : undeclared identifier {log="C:\WINCE800\platform\qemu\drivers\netkvm\ProtocolService\bldsys.log(374)"}
BUILD: [01:0000005922:ERRORE] c:\wince800\platform\qemu\drivers\netkvm\protocolservice\service.h(67) : error C2065: 'm_Handle' : undeclared identifier {log="C:\WINCE800\platform\qemu\drivers\netkvm\ProtocolService\bldsys.log(375)"}
BUILD: [01:0000005922:ERRORE] c:\wince800\platform\qemu\drivers\netkvm\protocolservice\service.h(67) : error C3861: 'OpenService': identifier not found {log="C:\WINCE800\platform\qemu\drivers\netkvm\ProtocolService\bldsys.log(376)"}
BUILD: [01:0000005922:ERRORE] c:\wince800\platform\qemu\drivers\netkvm\protocolservice\service.h(70) : error C2065: 'm_Handle' : undeclared identifier {log="C:\WINCE800\platform\qemu\drivers\netkvm\ProtocolService\bldsys.log(377)"}
BUILD: [01:0000005938:ERRORE] c:\wince800\platform\qemu\drivers\netkvm\protocolservice\service.h(77) : error C2065: 'm_Handle' : undeclared identifier {log="C:\WINCE800\platform\qemu\drivers\netkvm\ProtocolService\bldsys.log(378)"}
BUILD: [01:0000005938:ERRORE] c:\wince800\platform\qemu\drivers\netkvm\protocolservice\service.h(79) : error C2065: 'm_Handle' : undeclared identifier {log="C:\WINCE800\platform\qemu\drivers\netkvm\ProtocolService\bldsys.log(379)"}
BUILD: [01:0000005938:ERRORE] c:\wince800\platform\qemu\drivers\netkvm\protocolservice\service.h(79) : error C3861: 'CloseServiceHandle': identifier not found {log="C:\WINCE800\platform\qemu\drivers\netkvm\ProtocolService\bldsys.log(380)"}
BUILD: [01:0000005938:ERRORE] c:\wince800\platform\qemu\drivers\netkvm\protocolservice\service.h(84) : error C2065: 'm_Handle' : undeclared identifier {log="C:\WINCE800\platform\qemu\drivers\netkvm\ProtocolService\bldsys.log(381)"}
BUILD: [01:0000005938:ERRORE] c:\wince800\platform\qemu\drivers\netkvm\protocolservice\service.h(88) : error C2065: 'm_Handle' : undeclared identifier {log="C:\WINCE800\platform\qemu\drivers\netkvm\ProtocolService\bldsys.log(382)"}
BUILD: [01:0000005938:ERRORE] c:\wince800\platform\qemu\drivers\netkvm\protocolservice\service.h(88) : error C2065: 'SERVICE_CONTROL_STOP' : undeclared identifier {log="C:\WINCE800\platform\qemu\drivers\netkvm\ProtocolService\bldsys.log(383)"}
BUILD: [01:0000005938:ERRORE] c:\wince800\platform\qemu\drivers\netkvm\protocolservice\service.h(88) : error C2065: 'm_Status' : undeclared identifier {log="C:\WINCE800\platform\qemu\drivers\netkvm\ProtocolService\bldsys.log(384)"}
BUILD: [01:0000005938:ERRORE] c:\wince800\platform\qemu\drivers\netkvm\protocolservice\service.h(88) : error C3861: 'ControlService': identifier not found {log="C:\WINCE800\platform\qemu\drivers\netkvm\ProtocolService\bldsys.log(385)"}
BUILD: [01:0000005938:ERRORE] c:\wince800\platform\qemu\drivers\netkvm\protocolservice\service.h(99) : error C2065: 'm_Handle' : undeclared identifier {log="C:\WINCE800\platform\qemu\drivers\netkvm\ProtocolService\bldsys.log(386)"}
BUILD: [01:0000005938:ERRORE] c:\wince800\platform\qemu\drivers\netkvm\protocolservice\service.h(103) : error C2065: 'm_Handle' : undeclared identifier {log="C:\WINCE800\platform\qemu\drivers\netkvm\ProtocolService\bldsys.log(387)"}
BUILD: [01:0000005938:ERRORE] c:\wince800\platform\qemu\drivers\netkvm\protocolservice\service.h(103) : error C3861: 'StartService': identifier not found {log="C:\WINCE800\platform\qemu\drivers\netkvm\ProtocolService\bldsys.log(388)"}
BUILD: [01:0000005938:ERRORE] c:\wince800\platform\qemu\drivers\netkvm\protocolservice\service.h(114) : error C2065: 'm_Handle' : undeclared identifier {log="C:\WINCE800\platform\qemu\drivers\netkvm\ProtocolService\bldsys.log(389)"}
BUILD: [01:0000005954:ERRORE] c:\wince800\platform\qemu\drivers\netkvm\protocolservice\service.h(118) : error C2065: 'm_Handle' : undeclared identifier {log="C:\WINCE800\platform\qemu\drivers\netkvm\ProtocolService\bldsys.log(390)"}
BUILD: [01:0000005954:ERRORE] c:\wince800\platform\qemu\drivers\netkvm\protocolservice\service.h(118) : error C2065: 'm_Status' : undeclared identifier {log="C:\WINCE800\platform\qemu\drivers\netkvm\ProtocolService\bldsys.log(391)"}
BUILD: [01:0000005954:ERRORE] c:\wince800\platform\qemu\drivers\netkvm\protocolservice\service.h(118) : error C3861: 'QueryServiceStatus': identifier not found {log="C:\WINCE800\platform\qemu\drivers\netkvm\ProtocolService\bldsys.log(392)"}
BUILD: [01:0000005954:ERRORE] c:\wince800\platform\qemu\drivers\netkvm\protocolservice\service.h(122) : error C2065: 'm_Status' : undeclared identifier {log="C:\WINCE800\platform\qemu\drivers\netkvm\ProtocolService\bldsys.log(393)"}
BUILD: [01:0000005954:ERRORE] c:\wince800\platform\qemu\drivers\netkvm\protocolservice\service.h(122) : error C2228: left of '.dwCurrentState' must have class/struct/union {log="C:\WINCE800\platform\qemu\drivers\netkvm\ProtocolService\bldsys.log(394)"}
BUILD: [01:0000005954:ERRORE] c:\wince800\platform\qemu\drivers\netkvm\protocolservice\service.h(129) : error C2065: 'm_Handle' : undeclared identifier {log="C:\WINCE800\platform\qemu\drivers\netkvm\ProtocolService\bldsys.log(395)"}
BUILD: [01:0000005954:ERRORE] c:\wince800\platform\qemu\drivers\netkvm\protocolservice\service.h(133) : error C2065: 'm_Handle' : undeclared identifier {log="C:\WINCE800\platform\qemu\drivers\netkvm\ProtocolService\bldsys.log(396)"}
BUILD: [01:0000005954:ERRORE] c:\wince800\platform\qemu\drivers\netkvm\protocolservice\service.h(133) : error C3861: 'DeleteService': identifier not found {log="C:\WINCE800\platform\qemu\drivers\netkvm\ProtocolService\bldsys.log(397)"}
BUILD: [01:0000005969:ERRORE] c:\wince800\platform\qemu\drivers\netkvm\protocolservice\service.h(152) : error C2065: 'SERVICE_STOPPED' : undeclared identifier {log="C:\WINCE800\platform\qemu\drivers\netkvm\ProtocolService\bldsys.log(398)"}
BUILD: [01:0000005969:ERRORE] c:\wince800\platform\qemu\drivers\netkvm\protocolservice\service.h(152) : error C2065: 'SERVICE_STOP_PENDING' : undeclared identifier {log="C:\WINCE800\platform\qemu\drivers\netkvm\ProtocolService\bldsys.log(399)"}
BUILD: [01:0000005969:ERRORE] c:\wince800\platform\qemu\drivers\netkvm\protocolservice\service.h(161) : error C2065: 'SERVICE_RUNNING' : undeclared identifier {log="C:\WINCE800\platform\qemu\drivers\netkvm\ProtocolService\bldsys.log(400)"}
BUILD: [01:0000005969:ERRORE] c:\wince800\platform\qemu\drivers\netkvm\protocolservice\service.h(183) : error C2065: 'm_Handle' : undeclared identifier {log="C:\WINCE800\platform\qemu\drivers\netkvm\ProtocolService\bldsys.log(401)"}
BUILD: [01:0000005969:ERRORE] c:\wince800\platform\qemu\drivers\netkvm\protocolservice\service.h(187) : error C2065: 'm_Status' : undeclared identifier {log="C:\WINCE800\platform\qemu\drivers\netkvm\ProtocolService\bldsys.log(402)"}
BUILD: [01:0000005969:ERRORE] c:\wince800\platform\qemu\drivers\netkvm\protocolservice\service.h(187) : error C2228: left of '.dwServiceType' must have class/struct/union {log="C:\WINCE800\platform\qemu\drivers\netkvm\ProtocolService\bldsys.log(403)"}
BUILD: [01:0000005969:ERRORE] c:\wince800\platform\qemu\drivers\netkvm\protocolservice\service.h(192) : error C2065: 'm_Handle' : undeclared identifier {log="C:\WINCE800\platform\qemu\drivers\netkvm\ProtocolService\bldsys.log(404)"}
BUILD: [01:0000005985:ERRORE] c:\wince800\platform\qemu\drivers\netkvm\protocolservice\service.h(192) : error C2065: 'pNotify' : undeclared identifier {log="C:\WINCE800\platform\qemu\drivers\netkvm\ProtocolService\bldsys.log(405)"}
BUILD: [01:0000005985:ERRORE] c:\wince800\platform\qemu\drivers\netkvm\protocolservice\service.h(192) : error C3861: 'NotifyServiceStatusChange': identifier not found {log="C:\WINCE800\platform\qemu\drivers\netkvm\ProtocolService\bldsys.log(406)"}
BUILD: [01:0000005985:ERRORE] c:\wince800\platform\qemu\drivers\netkvm\protocolservice\service.h(293) : error C2864: 'CServiceImplementation::m_StopEvent' : only static const integral data members can be initialized within a class {log="C:\WINCE800\platform\qemu\drivers\netkvm\ProtocolService\bldsys.log(407)"}
BUILD: [01:0000005985:ERRORE] c:\wince800\platform\qemu\drivers\netkvm\protocolservice\service.h(307) : error C2146: syntax error : missing ';' before identifier 'hService' {log="C:\WINCE800\platform\qemu\drivers\netkvm\ProtocolService\bldsys.log(408)"}
BUILD: [01:0000005985:ERRORE] c:\wince800\platform\qemu\drivers\netkvm\protocolservice\service.h(308) : error C2146: syntax error : missing ';' before identifier 'status' {log="C:\WINCE800\platform\qemu\drivers\netkvm\ProtocolService\bldsys.log(409)"}
BUILD: [01:0000005985:ERRORE] c:\wince800\platform\qemu\drivers\netkvm\protocolservice\service.h(216) : error C2065: 'WTS_CURRENT_SERVER_HANDLE' : undeclared identifier {log="C:\WINCE800\platform\qemu\drivers\netkvm\ProtocolService\bldsys.log(410)"}
BUILD: [01:0000005985:ERRORE] c:\wince800\platform\qemu\drivers\netkvm\protocolservice\service.h(216) : error C2065: 'WTS_CURRENT_SESSION' : undeclared identifier {log="C:\WINCE800\platform\qemu\drivers\netkvm\ProtocolService\bldsys.log(411)"}
BUILD: [01:0000005985:ERRORE] c:\wince800\platform\qemu\drivers\netkvm\protocolservice\service.h(217) : error C2065: 'WTSSessionId' : undeclared identifier {log="C:\WINCE800\platform\qemu\drivers\netkvm\ProtocolService\bldsys.log(412)"}
BUILD: [01:0000005985:ERRORE] c:\wince800\platform\qemu\drivers\netkvm\protocolservice\service.h(216) : error C3861: 'WTSQuerySessionInformationA': identifier not found {log="C:\WINCE800\platform\qemu\drivers\netkvm\ProtocolService\bldsys.log(413)"}
BUILD: [01:0000005985:ERRORE] c:\wince800\platform\qemu\drivers\netkvm\protocolservice\service.h(221) : error C3861: 'WTSFreeMemory': identifier not found {log="C:\WINCE800\platform\qemu\drivers\netkvm\ProtocolService\bldsys.log(414)"}
BUILD: [01:0000005985:ERRORE] c:\wince800\platform\qemu\drivers\netkvm\protocolservice\service.h(225) : error C2065: 'SERVICE_TABLE_ENTRY' : undeclared identifier {log="C:\WINCE800\platform\qemu\drivers\netkvm\ProtocolService\bldsys.log(415)"}
BUILD: [01:0000006000:ERRORE] c:\wince800\platform\qemu\drivers\netkvm\protocolservice\service.h(225) : error C2065: 'table' : undeclared identifier {log="C:\WINCE800\platform\qemu\drivers\netkvm\ProtocolService\bldsys.log(416)"}
BUILD: [01:0000006000:ERRORE] c:\wince800\platform\qemu\drivers\netkvm\protocolservice\service.h(225) : error C2061: syntax error : identifier 'SERVICE_TABLE_ENTRY' {log="C:\WINCE800\platform\qemu\drivers\netkvm\ProtocolService\bldsys.log(417)"}
BUILD: [01:0000006000:ERRORE] c:\wince800\platform\qemu\drivers\netkvm\protocolservice\service.h(226) : error C2065: 'table' : undeclared identifier {log="C:\WINCE800\platform\qemu\drivers\netkvm\ProtocolService\bldsys.log(418)"}
BUILD: [01:0000006000:ERRORE] c:\wince800\platform\qemu\drivers\netkvm\protocolservice\service.h(226) : error C2228: left of '.lpServiceName' must have class/struct/union {log="C:\WINCE800\platform\qemu\drivers\netkvm\ProtocolService\bldsys.log(419)"}
BUILD: [01:0000006000:ERRORE] c:\wince800\platform\qemu\drivers\netkvm\protocolservice\service.h(227) : error C2065: 'table' : undeclared identifier {log="C:\WINCE800\platform\qemu\drivers\netkvm\ProtocolService\bldsys.log(420)"}
BUILD: [01:0000006000:ERRORE] c:\wince800\platform\qemu\drivers\netkvm\protocolservice\service.h(227) : error C2228: left of '.lpServiceProc' must have class/struct/union {log="C:\WINCE800\platform\qemu\drivers\netkvm\ProtocolService\bldsys.log(421)"}
BUILD: [01:0000006000:ERRORE] c:\wince800\platform\qemu\drivers\netkvm\protocolservice\service.h(231) : error C2065: 'table' : undeclared identifier {log="C:\WINCE800\platform\qemu\drivers\netkvm\ProtocolService\bldsys.log(422)"}
BUILD: [01:0000006000:ERRORE] c:\wince800\platform\qemu\drivers\netkvm\protocolservice\service.h(231) : error C2228: left of '.lpServiceName' must have class/struct/union {log="C:\WINCE800\platform\qemu\drivers\netkvm\ProtocolService\bldsys.log(423)"}
BUILD: [01:0000006000:ERRORE] c:\wince800\platform\qemu\drivers\netkvm\protocolservice\service.h(232) : error C2065: 'table' : undeclared identifier {log="C:\WINCE800\platform\qemu\drivers\netkvm\ProtocolService\bldsys.log(424)"}
BUILD: [01:0000006000:ERRORE] c:\wince800\platform\qemu\drivers\netkvm\protocolservice\service.h(232) : error C2228: left of '.lpServiceProc' must have class/struct/union {log="C:\WINCE800\platform\qemu\drivers\netkvm\ProtocolService\bldsys.log(425)"}
BUILD: [01:0000006000:ERRORE] c:\wince800\platform\qemu\drivers\netkvm\protocolservice\service.h(253) : error C2065: 'table' : undeclared identifier {log="C:\WINCE800\platform\qemu\drivers\netkvm\ProtocolService\bldsys.log(426)"}
BUILD: [01:0000006016:ERRORE] c:\wince800\platform\qemu\drivers\netkvm\protocolservice\service.h(253) : error C3861: 'StartServiceCtrlDispatcher': identifier not found {log="C:\WINCE800\platform\qemu\drivers\netkvm\ProtocolService\bldsys.log(427)"}
BUILD: [01:0000006016:ERRORE] c:\wince800\platform\qemu\drivers\netkvm\protocolservice\service.h(254) : error C2065: 'table' : undeclared identifier {log="C:\WINCE800\platform\qemu\drivers\netkvm\ProtocolService\bldsys.log(428)"}
BUILD: [01:0000006016:ERRORE] c:\wince800\platform\qemu\drivers\netkvm\protocolservice\service.h(254) : error C2541: 'delete' : cannot delete objects that are not pointers {log="C:\WINCE800\platform\qemu\drivers\netkvm\ProtocolService\bldsys.log(429)"}
BUILD: [01:0000006032:ERRORE] c:\wince800\platform\qemu\drivers\netkvm\protocolservice\service.h(299) : error C2065: 'status' : undeclared identifier {log="C:\WINCE800\platform\qemu\drivers\netkvm\ProtocolService\bldsys.log(430)"}
BUILD: [01:0000006032:ERRORE] c:\wince800\platform\qemu\drivers\netkvm\protocolservice\service.h(299) : error C2228: left of '.dwServiceType' must have class/struct/union {log="C:\WINCE800\platform\qemu\drivers\netkvm\ProtocolService\bldsys.log(431)"}
BUILD: [01:0000006047:ERRORE] c:\wince800\platform\qemu\drivers\netkvm\protocolservice\service.h(300) : error C2065: 'status' : undeclared identifier {log="C:\WINCE800\platform\qemu\drivers\netkvm\ProtocolService\bldsys.log(432)"}
BUILD: [01:0000006047:ERRORE] c:\wince800\platform\qemu\drivers\netkvm\protocolservice\service.h(300) : error C2228: left of '.dwCurrentState' must have class/struct/union {log="C:\WINCE800\platform\qemu\drivers\netkvm\ProtocolService\bldsys.log(433)"}
BUILD: [01:0000006047:ERRORE] c:\wince800\platform\qemu\drivers\netkvm\protocolservice\service.h(300) : error C2065: 'SERVICE_STOPPED' : undeclared identifier {log="C:\WINCE800\platform\qemu\drivers\netkvm\ProtocolService\bldsys.log(434)"}
BUILD: [01:0000006047:ERRORE] c:\wince800\platform\qemu\drivers\netkvm\protocolservice\service.h(301) : error C2065: 'status' : undeclared identifier {log="C:\WINCE800\platform\qemu\drivers\netkvm\ProtocolService\bldsys.log(435)"}
BUILD: [01:0000006047:ERRORE] c:\wince800\platform\qemu\drivers\netkvm\protocolservice\service.h(301) : error C2228: left of '.dwControlsAccepted' must have class/struct/union {log="C:\WINCE800\platform\qemu\drivers\netkvm\ProtocolService\bldsys.log(436)"}
BUILD: [01:0000006047:ERRORE] c:\wince800\platform\qemu\drivers\netkvm\protocolservice\service.h(301) : error C2065: 'SERVICE_ACCEPT_STOP' : undeclared identifier {log="C:\WINCE800\platform\qemu\drivers\netkvm\ProtocolService\bldsys.log(437)"}
BUILD: [01:0000006047:ERRORE] c:\wince800\platform\qemu\drivers\netkvm\protocolservice\service.h(301) : error C2065: 'SERVICE_ACCEPT_SESSIONCHANGE' : undeclared identifier {log="C:\WINCE800\platform\qemu\drivers\netkvm\ProtocolService\bldsys.log(438)"}
BUILD: [01:0000006047:ERRORE] c:\wince800\platform\qemu\drivers\netkvm\protocolservice\service.h(302) : error C2065: 'status' : undeclared identifier {log="C:\WINCE800\platform\qemu\drivers\netkvm\ProtocolService\bldsys.log(439)"}
BUILD: [01:0000006047:ERRORE] c:\wince800\platform\qemu\drivers\netkvm\protocolservice\service.h(302) : error C2228: left of '.dwWaitHint' must have class/struct/union {log="C:\WINCE800\platform\qemu\drivers\netkvm\ProtocolService\bldsys.log(440)"}
BUILD: [01:0000006063:ERRORE] c:\wince800\platform\qemu\drivers\netkvm\protocolservice\service.h(303) : error C2065: 'status' : undeclared identifier {log="C:\WINCE800\platform\qemu\drivers\netkvm\ProtocolService\bldsys.log(441)"}
BUILD: [01:0000006063:ERRORE] c:\wince800\platform\qemu\drivers\netkvm\protocolservice\service.h(303) : error C2228: left of '.dwCheckPoint' must have class/struct/union {log="C:\WINCE800\platform\qemu\drivers\netkvm\ProtocolService\bldsys.log(442)"}
BUILD: [01:0000006063:ERRORE] c:\wince800\platform\qemu\drivers\netkvm\protocolservice\service.h(304) : error C2065: 'status' : undeclared identifier {log="C:\WINCE800\platform\qemu\drivers\netkvm\ProtocolService\bldsys.log(443)"}
BUILD: [01:0000006063:ERRORE] c:\wince800\platform\qemu\drivers\netkvm\protocolservice\service.h(304) : error C2228: left of '.dwWin32ExitCode' must have class/struct/union {log="C:\WINCE800\platform\qemu\drivers\netkvm\ProtocolService\bldsys.log(444)"}
BUILD: [01:0000006063:ERRORE] c:\wince800\platform\qemu\drivers\netkvm\protocolservice\service.h(304) : fatal error C1003: error count exceeds 100; stopping compilation {log="C:\WINCE800\platform\qemu\drivers\netkvm\ProtocolService\bldsys.log(445)"}
BUILD: [01:0000006094:ERRORE] NMAKE : fatal error U1077: 'C:\WINCE800\sdk\bin\i386\ARM\cl.exe' : return code '0x2' {log="C:\WINCE800\platform\qemu\drivers\netkvm\ProtocolService\bldsys.log(446)"}
BUILD: [01:0000006110:ERRORE] TargetCompilePass  -nologo BUILDMSG=Stop.  BUILDROOT=C:\WINCE800\platform\qemu /F C:\WINCE800\public\common\oak\misc\makefile.def NOLINK=1 NOPASS0=1 failed - rc = 2. {log="C:\WINCE800\platform\qemu\drivers\netkvm\ProtocolService\bldsys.log(447)"}
BUILD: [00:0000006110:PROGC ]                        Files  Warnings  Errors
BUILD: [00:0000006110:PROGC ] Midl                       0         0       0
BUILD: [00:0000006110:PROGC ] Message                    0         0       0
BUILD: [00:0000006125:PROGC ] Precomp Header             0         0       0
BUILD: [00:0000006125:PROGC ] Resource                   0         0       0
BUILD: [00:0000006125:PROGC ] XRPack                     0         0       0
BUILD: [00:0000006125:PROGC ] MASM                       0         0       0
BUILD: [00:0000006125:PROGC ] SHASM                      0         0       0
BUILD: [00:0000006125:PROGC ] ARMASM                     0         0       0
BUILD: [00:0000006125:PROGC ] C++                        0         4     409
BUILD: [00:0000006125:PROGC ] C                          0         0       0
BUILD: [00:0000006125:PROGC ] CheckLibs                  0         0       0
BUILD: [00:0000006125:PROGC ] Static Libraries           0         0       0
BUILD: [00:0000006125:PROGC ] Exe's                      0         0       0
BUILD: [00:0000006125:PROGC ] Dll's                      0         0       0
BUILD: [00:0000006125:PROGC ] Preprocess deffile         0         0       0
BUILD: [00:0000006125:PROGC ] Resx                       0         0       0
BUILD: [00:0000006125:PROGC ] CSharp Compile             0         0       0
BUILD: [00:0000006125:PROGC ] VCProj Compile             0         0       0
BUILD: [00:0000006125:PROGC ] NETCF Build                0         0       0
BUILD: [00:0000006125:PROGC ] Localization               0         0       0
BUILD: [00:0000006125:PROGC ] Other                      0         0       1
BUILD: [00:0000006125:PROGC ] 
BUILD: [00:0000006125:PROGC ] Total                      0         4     410
BUILD: [00:0000006125:PROGC ] 
BUILD: [00:0000006125:PROGC ] 4 Warnings,  410 Errors
BUILD: [00:0000006141:PROGC ] GetSystemTimes (seconds): Idle: 2     Kernel: 6     User: 5    
BUILD: [00:0000006141:PROGC ] Elapsed  time  (seconds): 6    
